,customer_id,star,enroll_date,content,star_int
0,H프랭크,1,2025년 5월 30일,"장바구니를 확인하려고 하는데 로딩만 하다가 '화면을 불러오지 못했어요' 라는 메세지만 자꾸 뜨네요. 이것 때문에 주문을 못하고 있습니다. 데이터와 캐시를 삭제해봐도, 핸드폰을 다시 시작해봐도, 앱을 지웠다가 다시 깔아봐도 똑같네요. 앱이나 운영 쪽 문제라면 빠르게 픽스 좀 해주세요.",1
1,삐삠,1,2025년 3월 9일,"음식배달 탭 대신 가게배달 탭을 쓰던 이유가 리뷰 볼 수 있고(가게의 위생, 맛, 양 등) 리뷰이벤트도 어느정도 참여할 수 있어서였는데 업데이트하고나선 두개의 차이점을 모를 정도로 불편해졌어요 리뷰탭도 겨우 찾았고 가게 공지라도 봐야 휴무, 재료수급을 알 수 있는데 그것도 보기 너무 불편해요 번거롭고 솔직히 처음엔 아예 없애버린 줄 알았습니다.. 옛날 구성이 더 좋았어요",1
2,Hye ju Lee,1,2024년 12월 8일,찜목록 편집기능좀 넣어주세요 코로나기간에 찝한 200개 하나하나 들어가서 해제해야해서 30분째 지우는데 80개 겨우 지웠네요. 그중 3분의 1은 폐업하거나 배민에서 나간 업체인거 같은데 이런건 자동으로 지워줬으면하네요. 그리고 보통 집 직장등 장소가 여러개인경우가 있는데 찜 목록에서는 필터링 기능하나없이 그냥 통째로 있어서 뒤죽박죽 보기 힘들어요. 제2의 올영앱같은 느낌...너무 불편해요.,1
3,핑크,4,2025년 7월 19일,나쁘진 않은데 찜 내역에서 가게나 장보기내역 삭제하려면 하나하나 클릭해 들어가서 찜 삭제해야해서 개불편함... 나같이 많이 찜해놓는 사람은 너무 귀찮아서 사용하기 싫어짐 ㅠㅠㅠㅠ 개성좀요ㅠ 언젠가 바뀌겠지 했는데 몇 년이 지나도 똑같아서 씀...,4
4,남규범,1,2025년 7월 13일,원래 이런거 잘 안쓰는데 짜증나서 쓰고 깁니다. 주소가 잘못 기입되서 주문취소 하는데 왜 제가 20분이 넘는 시간을 소모해야하는거죠? 주문 취소가 안된다면 터치 항목에 왜 주문 취소가 있는지도 모르겠습니다. 꼭 상담사를 통해서만 주문 취소를 해야하는 시스템도 이상합니다.,1
5,김아무개,3,2025년 7월 2일,위아래로 드래그할때 자꾸 원치도않는 좌우로 메뉴이동이되는데 위아래 드래그시 민감도좀 둔감하게 처리좀하세요. 매번 신경쓰여서 편하게 위아래로 오르내릴수가 없잖아요. 기본중에 기본을 좀 신경쓰세요. 개발자. 그리고 가게들 블랙리스트 기능넣어서 표시기능좀 넣어주세요. 꽝친 가게좀 까먹고 또안시켜먹게. 이정도 규모로 컸으면 사용자 편의기능도 같이 업데이트를 좀 해서 발전할생각을 해야지 어떻게든 광고만 냅다 더보여줘서 돈벌어먹을 업데이트 궁리만 하지말고 사용자 편의성도 좀 개선해야 되지않겠나요. 그리고 찜 해제하고 뒤로가면 다시 최상단으로 이동되는것도 그렇고 찜기능도 너무 올드하고 주문내역 검색은 정확도도 떨어지고 사용자 입장에서 개선을 좀 해보세요. 솔직히 지금까지 UI 껍데기 때깔만 바꿨지 사용자 편의성을 한번이라도 생각해서 업데이트 한적이있나요. 업데이트 할때마다 불편한거에 어쩔수없이 사용자들이 적응한거죠,3
6,루라랑,2,2025년 6월 9일,"1:1문의 남기고 싶은데 고객센터에 그 기능이 없네요. 채팅에서는 별도 문의가 되지도 않고 자동응답기 or 다른 페이지로 넘기기만 하구요. 채팅이나 글로 남길 수 있는 1:1 문의 페이지도 제작 부탁드립니다. 문의 남기고 싶었던 내용은, 앱을 통한 배민 안심콜을 오늘 처음 받아봤는데, 휴대폰 벨소리 설정 기능과 관계 없이 냅다 소리로 안심콜 왔다고 때려버리네요; 매너모드나 무음모드일 때는 거기에 맞게 진동이나 화면에만 떠야 하는거 같은데 너무 당황스러웠어요. 해당 기능 빠르게 개선 요청드립니다.",2
7,최효진,5,2025년 5월 30일,"다 좋은데 업데이트 한 이후로 버그 일어남. 와이파이 제데로 연결 되어있고 다른 앱들은 잘되는데 배민 장바구니 들어가면 갑자기 네트워크 오류라면서 장바구니 정보 가져오는거 실패라고 뜸. 껐다 키고, 와이파이 다시 접속하고, 데이터 써보고,저장공간 확인, 재설치, 캐시 삭제 까지 다 해봤는데 그래도 안됨. 이정도면 걍 배민앱 자체 문제임",5
8,안희태,1,2025년 6월 9일,"최근 들어서 광고 알림이 너무 많이 오네요. 앱 환경설정에 알림 설정을 꺼놔도 광고 알림이 계속 와서 불편합니다. 안드로이드 앱 설정에 들어가서 알림 카테고리에서 마케팅 부분을 따로 꺼야 되는 것 같은데, 저는 앱 설정에서 마케팅 동의를 하지도 않았는데 이렇게 설정을 만든게 맞나 싶네요. 굳이 분리를 할 필요가 있었는지... 아무튼 최악이었습니다.",1
9,Raffaele Orseolo,1,2025년 6월 3일,"특정 화면 들어가면 하얀 먹통이 되는 이유가 뭘까요? 제 폰은 그대로인데, 앱이 업데이트되면, 때로는 쿠폰 받는 화면이 먹통이 되었다가 업데이트되면 정상이 되고, 때로는 상품 정보, 장바구니가 그러며, 지금은 주문 정보 작성 화면이 먹통이어서 주문을 못 하고 있네요. 상담원께서는 모르겠다고 하시고, 연결해 주신 채팅 상담으로는 아예 이 문제를 물을 수 없게 되어 있습니다. 업데이트 때마다 다른 곳이 먹통이 되고, 먹통이던 곳은 저절로 고쳐지는 이런 경험은 처음입니다. 추가 : 지웠다 재설치 하라는 소리만 답변으로 달아 놓으시네요. 여러 번 했고, 캐시 삭제, 최신판 업데이트 다 했습니다. 이 앱이 업데이트될 때마다 반복적으로 생기는 문제라고 적었습니다. 구글 플레이 스토어 리뷰나 구글 검색 보면 다른 분들도 호소하는 문제입니다. 벽 같은 불통 그만 하시고, 사람들 말을 좀 듣고 회사가 진지하게 논의를 해 보세요.",1
10,태태,2,2025년 6월 24일,배달 옵션 만들어서 사용자가 기본으로 어떤 배달로 시킬지 지정좀 하게 해줘요. 그놈의 어쩌고 설정 때문에 알뜰로 되잖아요. 바꾸려고 하면 바꾸지도 못하고. 사용자가 지정할 수 있는 설정이 너무 없어요. 뭔 설정을 알림 밖에 못하냐고요...,2
11,오잉,5,2025년 7월 17일,"찜목록 전체/선택 삭제 기능 좀 만들어주세용.. 맨 밑에 있는 가게들 찜 해제하면 찜목록이 또 맨 위로 올라가서 계속 쭉 내리면서 하나씩 해제 해야하는데 너무 번거로워요ㅠㅠ 그리고, 가게 이름, 대표 이미지만 바꿔놓고 4~6개까지 배달앱에 뜨게 하는 가게들이 많은데 예를들어 A라는 가게에서 뭔 메뉴를 시켰는데 맛 없거나 서비스 문제로 다시 B 가게에서 다시 시키면, A가게에서 오는 경우가 많아서 맨날 상호명이나 위치 확인하고 시켜야해서 불편해요. 자영업자분들 검색 노출 같은 게 되어야 이득인 거 이해하니까.. 차라리 가게 숨김처리 기능이나 가게마다 개인만 볼 수 있는 메모기능 같은거라도 만들어주세용...",5
12,최희진,1,2025년 6월 4일,"새로 업데이트된 요새 Ui가 너무 불편해요 음식을 찾다가 짜증나서 앱을 꺼버리게돼요. 업데이트를 할 때마다 사용성이 점점 더 퇴화하고 있네요. 정보가 너무 많아 한눈에 들어오지도 않고, 쓸데없이 사진만 많아서 눈이 피곤해져 입맛이 떨어집니다. 리뷰 보는것도 왜 바꿨는지 모를만큼 불편합니다. 계속 이런 방향으로 업데이트한다면 다른 배달앱으로 갈아타야겠네요...",1
13,밍슈,1,2025년 5월 16일,최악입니다. 어플 오류인지 업데이트 때문인지 모르겠지만 가게의 주문을 하려고해도 장바구니에 담아지지도 않고 세네번 시도를 해서 장바구니에 담는다쳐도 장바구니가 텅 비었다며 확인도 안됩니다. 배민 어플을 쓰다가 처음 이런 경우를 경험하네요. 최악이고 최악입니다. 별 1개도 아까워요,1
14,김재은,1,2025년 3월 14일,어째서 UI 디자인 상태가 심각해지네요..?ㅋㅋㅋ 업데이트 될때마다 바뀌는 UI를 보면 너무 웃김ㅎ UI 계속 만지작하실꺼면 사용자가 직접 UI크기 조절 설정가능하게 만들어나 주세요^^ㅎㅎ 업데이트 할때마다 점점 커져서 보기가 힘듭니다. 어르신들이 보긴 편하겠지만 저는 너무 커서 눈이 아프네요.,1
15,Little_Raptor,2,2025년 3월 19일,"최근 바뀐 UI가 너무 불편합니다. 리뷰나 가게 설명 등을 직관적으로 쉽게 볼 수 있던 이전 UI와 달리, 새로운 UI는 너무도 불편하게 바뀌었어요. 배달 방법 선택을 결제 전에 선택할 수 있는 점은 좋은 것 같습니다. 그런데, 그것 말고는 정말 모든 게 불편합니다... 적응이 안되어서 일어나는 문제라기보다 UI가 직관적이지 못한 것 자체가 큰 문제입니다. 이전 버전에서는 배민 배달 UI보다 가게 배달 UI가 더 보기 편했기에, 그쪽으로 다시 변화가 있었으면 합니다",2
16,Jun S,1,2025년 4월 14일,"와...정말 음식주문한번하기 어렵게 바뀌었네요. 배달카테고리들어가면 음식사진들이 큼지막하게 여러개 나와서 어느매장에서 시켜야할지 선택하기 어렵게 바꿔놓으셨어요... 예전버전으로도 볼수있는 선택지를 만들어주시죠...아니면 그냥 먹깨비 다운받아 쓸렵니다~. 중점을 잊지 마세요, 배달은 편하려고 주문하는겁니다. 근데 사용자가 카테고리에서 매장을 선택하는것부터 불편해졌습니다.",1
17,죽빵쏘냐,1,2025년 3월 5일,접속이 안되서 skt 우주패스로 배민 추가혜택 받은 쿠폰 못 쓸거같은데 어떻게 하나요..? 증상이 일주일 넘었습니다...데이터 추가/삭제 해도 안되고... 앱 재설치 해도 안되고.. 폰 재부팅 해도 안되고.. 앱접속하면 4~5초 뒤에 팅기면서 재접속 됩니다.. 무한반복으로요.. 앱처음 설치했을때 위치설정에서 계속 재접속되서 진행을 못하네요..,1
18,규,1,2025년 4월 12일,"배민클럽 첫 가입자 정책에 대한 아쉬움 배민을 다시 이용해보려는 마음으로 배민클럽에 첫 가입하였습니다. 가입 시 제공된 포인트는 반가웠지만, 한 달만 사용하고자 해지 예약을 하려 했더니 '해지' 버튼만 있어 눌렀더니 즉시 해지되며 포인트가 회수되었습니다. 다시 가입해도 포인트는 재지급되지 않았고, 문의 결과 한 번 이상 사용해야 해지 예약이 가능하다는 답변을 받았습니다. 이러한 정책은 사용자에게 혼란을 줄 수 있으며, 명확한 안내가 필요하다고 생각합니다. 해지 절차와 포인트 회수 정책에 대한 개선을 요청드립니다.",1
19,성이 없을 수도 있지왜 자꾸 따로 쓰래,1,2025년 4월 15일,도대체 시스템상 글씨 안 쳐지는 게 캐시데이터랑 무슨 상관인지 모르겠지만 시키니까 캐시도 데이터도 지워봤고 이미 최신버전 업데이트 되어있지만 시키니까 어플 재설치도 해봤는데요 여전히 주문목록에서 ᆞ은 안 쳐집니다 일반 검색은 되는데 주문목록만 안 됩니다 다른 데에다 글씨 써서 복사 붙여넣기 하거나 그때마다 키보드를 바꿔서 써야 돼요,1
20,하승완,1,2025년 3월 9일,"예상 배달시간과 실제 배달 시간의 차이가 너무 큽니다. 너무 자주요. 음식점/라이더의 상황에 변수가 많을 수 있음은 알겠지만, 이 정도 퀄리티라면 개선할 수 있을 때까지 잠시 해당 기능을 제거하거나 다른 방식을 고민해보는 게 좋을 것 같습니다. 정말 너무 자주 너무 많이 늦어요.",1
21,김정동,1,2025년 3월 30일,앱이 점차 개발이 되면서 뭐 쿠폰이고 뭐고 그런건 상관없는데 사용하기엔 편리하게 좀 앱 구성이나 버튼 그런 걸 생각해서 만들어야 하는데 요즘 업데이트 될수록 더 소름끼칠 정도로 이상함 ㅋㅋ 적어도 사람이 생각하는 거라면 전화버튼이나 리뷰도 쉽게 업데이트 전이 더 편리했다는 걸 모르는건가 ㅋㅋ 이젠 뭐 음식점 전화번호도 가게 설명 되있는데 조그마하게 있고 리뷰는 안보일 때도 있고 ㅋㅋㅋ,1
22,Haksoo Kim,1,2025년 2월 7일,"배달 메뉴에 표시되는 이용 가능한 업체 목록에 배달이 불가능한 업체도 섞여 있음. 고민해서 메뉴를 고른 후 결제하려고 하면, ""지금은 배달이 어려워요""라면서 진행이 불가능함. 혹시나 메뉴를 고르는 와중에 업체의 배달 가능 상태가 바뀌었나 싶어 다시 검색해 봤더니, 여전히 배달 가능 업체로 검색되지만 배달은 불가능함. 배달 불가능한 업체는 표시 안되게 바뀌어야 하고, 메뉴 고르는 중에도 배달 불가 상태로 바뀌면 이용자가 그걸 인지하여 헛수고를 하지 않게 바뀌어야 함.",1
23,임종선,1,2025년 2월 22일,"0점이 없는게 아쉽네요. 2년 정도 전부터 배달 이슈를 몸소 느꼈는데, 개선 없이 점점 심해지는 거 같아요. 다른 어플로 갈아타려고 합니다. 훨씬 문제 없이 잘 도착해요. (+)B마트 첫주문 쿠폰 중복되지 않게 이벤트를 구성하든, 중복되면 어플 내에서 알아서 삭제해주든 하세요. 사용자 경험 계산 없이 만들지 않았을텐데 이게 기만 아니면 뭔가요?",1
24,sungwon yoon,1,2025년 2월 5일,배민 시스템의 배달 주문 취소 기능에 오류가 있다고 합니다. 상담원이 취소를 눌렀으나 취소가 되지 않고 계속 제조중으로 나오다가 20분이 지나고 주문 취소가 처리됐고 원래 시스템에 그런 오류가 있다고 답변 받았습니다. 말이 안되는것 같은데 정말이라면 심각한 이슈 같아 확인 요청 올립니다.,1
25,백아절현,1,2025년 3월 22일,갈수록 더 앱이 퇴화하네요 가까운 매장을 검색해도 먼 매장이 위에서 검색되고 (먼곳을 피하기위해 그전에는 위치 거리 지도보고 주문을 했는데..) 광고비에 힘인건 알겠는데.. 매장 전화번호 위치 거리 지도 등 다 없어지고 더 이상 사용은.. 저 한사람 없어도 영업이익에 지장은 없지만 저처럼 생각해서 떠나는 소비자 점점더 늘어날 것 같네요,1
26,Tommy,1,2025년 5월 10일,"업주 잘못으로 고객이 일부 메뉴 환불받게되면 뜬금없이 중간에 껴있는 배민에서 피해자인 주문고객한테서 돈 떼먹고 주는 웃긴 배민. 할인쿠폰은 정상주문, 수령 완료된 메뉴에 적용했다고 보고 고객이 해당 메뉴에 추가 지불한 비용은 온전히 환불해줘야지 고객이 전달받지도 못한 메뉴에 이건 할인쿠폰 쓴거라는 소리하면서 돈 몇푼씩 떼먹고 돌려줌. 고객들은 총액에서 '온전히 전달받을 메뉴'에 대해서 할인쿠폰을 쓰는 거지 '못 받을 메뉴'까지 할인쿠폰 쓴다는 생각으로 주문하지 않는다. 쪼잔하고 괘씸해서 7년 넘도록 쓴 배민탈퇴. 이제 다른 어플만 씀. 그 업체도 유사한 계산법을 쓰지만 피해입은건 고객이고 받지도 못한 메뉴에서 돈 떼먹고 받았을 때 불합리하다 느낄 그 마음을 잘 알기 때문에 적절한 보상을 함께 해줌.",1
27,김지혜,1,2025년 3월 22일,"한 5,6년? 이용한 거 같음. 귀찮아서 쭈욱 쓰고 있었는데 오늘 삭제할 생각들어 쿠팡이츠 깔았음. 등급에 따른 할인 쿠폰 사라져도 별 생각 없었는데 왜 자꾸 앱 업데이트? 리뉴얼? 해가지고 짜증나게 하는지..더 편해진 느낌 없고 더 귀찮아짐. 가게 메뉴 선정하고 배달이랑 직접 픽업하게끔 선택하는건 왜 만든거임? 배달과 픽업 아예 카테고리 다르게 하던가.. 한번더 클릭하는것도 짜증나는데 잘못 클릭해서 픽업 누르면 뭐 수정이라도 쉽게 할 수 있게 하던가..편하려고 배달앱 쓰면서 이렇게 신경 써야 할 일인가..클릭 잘못한 내 손가락도 잘못이지만 휴일에 편하게 밥 먹으려고 주문했다가 운전하고 나갈생각하니 짜증나서 밥도 포기하고 긴 댓글 남김. 일년에 배달만 몇백씩 썼던것 겉은데 이 기회에 각성하고 집밥 열심히 해 먹으려구요~",1
28,온수,1,2025년 5월 9일,1km도 안되는 거리에 있는 곳의 배달비 산정기준이 초과배달 0.1km라고 뜨면 어떻게 이해해야 하는 걸까요? 882m에 위치한 곳이 초과배달 0.1km면... 배민 클럽도 이용중인데 배달비측면에서 메리트도 부족하고 할인쿠폰같은 혜택이 예전에 비해 줄어든것 같아서 많이 아쉽네요. 나아졌으면 합니다.,1
29,헹헹헹,1,2025년 3월 4일,아니 갑자기 음식점 로고가 아닌 배달음식사진으로 변경한 이유가 먼가요? 실제로 비슷한 음식사진들만 있어서 보기 불편해요. 전에 상담사가 실물이랑 음식사진이랑 다르다고 전화했더니 어쩌라고 답변까지 친절히 해주시고는 이따위로 팔아먹겠다고요? 리뷰도 삭제하는 어플인데 사진은 뭘 믿어야 하나요. 심지어 가게 가격도 장난질 해놓은 곳도 많은데 예로 실제 세트메뉴가격이랑 클릭해서 들어가면 메뉴선택이라는 목적으로 세트가격보다 더 올려서 받는 음식점도 있어요. 메뉴선택에 당연히 추가금 안 받는 음식 없는데 로고로 거르는걸 이제 하나하나 보면서 주문해야합니다. 개인적으로 처음 사용하는 사람은 괜찮아 보여도 이전에 사용한 사람은 불편하다고 느껴지네요,1
30,시묭,1,2025년 2월 25일,"배달 문제가 너무 심합니다. 돈 내고 쓰는 서비스를 이용해도 배달이 잡히지 않는게 너무 큰 문제입니다. 음식이 도착하면 음식의 퀄리티가 상당히 떨어지게 되는데, 고객의 문제도 아니고 가게의 문제도 아니고 기사의 문제도 아닙니다. 배민 자체적 시스템 문제가 심각합니다. 문제가 계속되는데도 참고 이용하려 했지만 발전되는 모습도 보이지 않고 개선의 여지가 없이 서비스 센터 직원들의 감정만 소모되고 있는 것으로 생각됩니다. 굳이 배달의 민족을 쓸 이유를 모르겠어요. 차라리 다른 어플들을 사용하는게 모두에게 이로울 것 같습니다.",1
31,GaEun Lee,1,2025년 3월 22일,정기결제하고 가게배달을 안쓰던 이유가 지역마다 배달료를 측정해서 메뉴에서 선택해서 추가 결제해야해서 안보던거였어요 근데 이젠 합쳐져서 배달료가 무료인 곳도 무료가 아닌게 된 곳이 많네요 지역별로 배달료 추가 결제 해야하는데 이럴거면 무료배달을 위해서 달마다 돈을 왜 낼까요? 다시 전처럼 돌아갔으면 좋겠네요 안고쳐진다면 안쓸듯,1
32,이쓰,1,2025년 2월 9일,채팅상담 시스템이 좋지 않음. 채팅상담 인원이 많지 않은 것인지 답이 느림 또한 상담원들은 10분씩 늦어도 별 일이 없지만 소비자가 3~4분 답을 보지 못하게 되면 상담 자동 종료 그리고 배차가 안되는 상황이면 미리 고객한테 전화해서 양해를 구하든 환불을 하든 조치를 해야하는데 40분이 지나서 전달 받음. 이것도 가게 측 연락이 아닌 배달이 너무 안와 문의를 했더니 알아본다고 하시곤 취소 연락 받게 됨,1
33,야호,1,2025년 3월 11일,갈수록 ui 업데이트가 유저에게 불편해지는 것 같아요. 이전에는 가게배달에서 포장버튼 눌러서 가게가 어딘지 확인할 수 있었던 것 같은데 지금은 안되네요. 그 외에도 점점 이용이 불편해져서 다운그레이드하는 느낌이 드네요.,1
34,배준영,1,2025년 3월 7일,배달음식 먹을때 사용하는 앱인데 앱 기능보다 진짜문제인건 광고 자체가 너무 짜증나게 만듬... 잘사용하던 사람까지도 분노를 끌어올리는 능력이 있음... 케릭터도 꼴뵈기 싫게 그려놨고 게임하다가 광고볼때 배민광고 나오면 어떻게든 단 몇초라도 더보게 하려고 개수작질이 거의 사기수준임.. 스토리 광고 설정도 꼴보기 싫은 배우에 스토리도 말도안되게... 광고담당들 물갈이가 절실해보임 있는 사용자도 다 떨어져 나가게 만들고 있음,1
35,강푸름,1,2025년 5월 30일,장바구니 들어가려니 화면을 불러오지 못했다고만 뜨고 확인이 아예 불가능합니다. 와이파이와 데이터 모두 문제 없는데 계속 문제가 발생합니다. 이벤트 동의 수신을 거절하면 네트워크 문제가 생겼다며 앱을 다시 키기 전까지 어떤 터치도 먹지 않고요.,1
36,능이버섯,2,2025년 6월 7일,이틀에 한번꼴로 주문하는데 최근 며칠간 배민페이 충전결제시 오류가 납니다 오류가 나면 배민앱 초기 페이지로 이동되고 계좌가 금액이 없거나 결제 불가능한 상황인가 보면 그것도 아니고 똑같은 메뉴를 재결제시 결제가 되고있어요 이틀동안 2번이나 발생했고 메뉴를 다시 찾아서 결제 해야되서 쩌증이납니다,2
37,손영창,1,2025년 5월 30일,장바구니가 아예 안들어가집니다 폰 껐다키고 앱 지웠다 다시깔고 데이터/와이파이 바꾸고 다 해봤는데도 안됩니다 인터넷은 다른 앱이나 그런덴 다 잘되는데 배민만 혼자 접속불량이라고 합니다 이건 뭔 거지같은 경우인가요 + 나랑 장난칩니까 되다가 안되는건 뭔데요 들어는 가졌는데 그 안에서 조작이 안됩니다,1
38,K U,1,2025년 2월 14일,"운영진 개발자 모두 융퉁성이 없습니다. 이번 일로 우아한 형제들의 고객 서비스 정신이 타업체들에 비해 낮다는게 느껴집니다. 배민 클럽을 첫 결제하고 바로(10분~15분 후)환불하고 또 바로 결제를 하는 일이 있었어요. 이렇게 한 이유는, 타업체도 비슷한 서비스를 한다는 것을 결제하고나서 알게되고 거기로 갈아타려고 환불했다가, 여기 첫결제 이벤트(4천원 포인트)가 더 좋은거 같아 다시 결제하게 됐어요. 그 과정에서 첫 배민클럽 환불로 4000 포인트를 다시 회수해갔고, 이것은 이해합니다. 근데 여기서 문제가 발생하는데 배민클럽을 다시 구매하면 첫 결제 이벤트의 이득을 '두번째 결제'라는 이유로 4천원 포인트를 다시 안주더군요. 배민클럽을 통해 배달 주문이 없는 상황인데 두번째로 배민클럽 결제했다고 한번도 안써본 서비스의 혜택을 놓쳐야 했고, 말장난 하는걸로 보이고 이런걸 잡아야하지 않겠나요 고객센터도 AI가 아닌 상담원인데도 말하는게 기계적이고 형식적으로 답변하는게 꽤나 불친절해요.",1
39,팅튕,3,2025년 2월 25일,업데이트ㅠ 안드로이드버전이 낮아 업데이트 자체가 안되는데..기존 버전은 그대로 사용할 수 있게 해주면 좋겠습니다 전 생체인식필요없는데- ai필요없어요~~ 폰고장안나서 폰을 바꿀일이 없는데 어플실행이 아예 안되니; **배민사용을 할 수가 없어 배민측에서 이탈을 하게 만드네요- (타은행앱도 새버전 업데이트 했지만 안드로이드버전 낮은 기존 고객들을 위해 실행이 되게끔해놨어요 아직 마트어플도 실행잘되는데..),3
40,yena,1,2025년 3월 30일,별 하나도 주기 싫은 건 처음이네요. 배달을 몇 번이나 시켰는데도 항상 배차도 안되서 번번이 매장과 고객센터에 전화하고 번거로웠어요. 결국 취소하는 경우가 많았고요. 그래도 여러 번 시켜 봤는데 맨날 반복되고 개선은 하나도 안 되네요.,1
41,장점장,1,2025년 3월 13일,"식당가게 배민가격확인할려고 설치하고,주소등록하고,식당검색해 가격확인하고,앱지우고 리뷰답니다.절차가 까다롭네.../다른데는 앱설치하지 않고, 인터넷홈주소가서 가게가격검색했습니다. 물론 20초정도걸렸구요, 충격적인 결말은 똑같은 가게인데 배민쪽이더 비싸게팔더군요.가격때메 여친과싸웠는데 서로의배달어플가격알아보니 결국 답을 알았구요.",1
42,bobby hwang,1,2025년 2월 23일,"계좌연결 해지 하게 해주세요. 잔액 부족이면 돈 뽑을 때까지 등록 된 모든 계좌에서 돈을 뽑겠단는건가요? ●계좌 등록은 쉬운데 해지가 없음, 자동이체 등록도 해지 했음. 편의성을 위한 의도는 알겠지만 본인들은 옵션을 여러개 쥐고 있는데(등록된 사용자의 여러 계좌) 서비스 자체 해지 외엔 소비지는 방법이 없네요? 본인들도 잔액이 없을때 있는 계좌에서 서비스 유지하겠다는 취지였으면, 돈 내는 소비자는 자기 특정 계좌에서 돈을 안빠져나가게 할 권리가 우선인듯 싶은데, 이거 은행 찾아가거나 고객센터에서 해지 하면 되는데, 모르거나 귀찮아서 쓰기야 하겠지만 잘.안써서 해지하려던 일부 고객들은 잠정적으로 매달 결제하게 끔 하는것 같아 별로 기분이 좋은 기업은 아닌것 같네요. 일단 계좌 등록/해지 자유롭게 바꿔주세요.",1
43,김다은,1,2021년 6월 17일,업데이트란건 불편사항과 버그들을 고쳐서 더좋은 사용을 위한거 아닌가요? 어떻게 업데이트를 했는데 저번보다 메뉴들이 더복잡하고 불편하고 난잡합니다. 심지어 배달현황에 위치파악이 가능하던게 사라져서 배달이 어디에있는지 언제쯤올지도 모르면서 기다려야합니다. 괜히 업데이트 했나싶기도하고 굳이 내가 이런 불편함들을 감수하면서까지 어플을 사용해야하나라는 생각도 드네요. 업데이트전까지는 정말 잘사용했는데 다음 업데이트가있기전까지는 사용하지 않을거같네요,1
44,김봄봄,1,2025년 3월 9일,"와....대단하네요. 배민으로 주문하고 가게 배달비 0원이 나왔어요. 그런데 요기요로 같은 가게, 같은 메뉴 신청하고 배달비 2000원이 추가됐는데 배민이랑 같은 거에요. 보니깐 같은 메뉴인데 메뉴 금액이 다르더라구요. 햐.....소비자들은 메뉴 금액이 설마 다를까 했을텐데 이렇게 속이시다니요. 배달비 없는 곳으로 선택한다고 배민을 계속 찾았던 뒤통수 맞은 느낌이네요. 햐...이럴 수가...계속 다른 커뮤니티에도 올리겠습니다. 이러시지 마시지요.",1
45,jh lee,1,2025년 1월 30일,"여러 곳을 한번에 배달해서 시간이 조금 더 걸리는 대신 배달료를 적게 받는 알뜰배달, 취지는 좋으나 야금야금 도착 예정 시간을 늘려서 픽업 이후 30분~심한 경우 한시간 뒤에도 도착하지 않는 경우가 많았습니다. 도로 사정도 있을수 있고 여러군데를 배달하는 알뜰배달 특성을 고려한다고 해도 아무리 그래도 그렇지.. 도착 예정 시간 자체가 한집배달 시간을 고려해서 계산된 시간일텐데 추가 30분은 너무 깁니다. 배달 음식 가격대를 생각하면 30분동안 음식 퀄리티가 얼마나 떨어질지를 생각해보면 말이 안되는 수준이에요.. 기분 좋게 먹으려고 배달시켰다가 기분 나쁜 경험이 반복되니 배달 문제만으로 느껴지는게 아니라, 이런 상황을 겪고있을 수많은 고객에 대해 이렇다할 조치를 취하지 않고 있는 배민에 대한 신뢰도가 떨어지는것 같습니다.",1
46,젤스JS,1,2025년 2월 3일,"배민배달로 이때까지 배달이 제대로 된 적이 거의 없었는데(오배송, 음식 파손, 매우 늦게 도착 등) 배달 서비스랑 시스템 좀 개선해주시면 좋겠습니다. 그리고 자동차, 자전거나 도보 등 오토바이 외 배달은 가능하면 배차가 안 됐으면 좋겠네요. 일반적으로 오토바이 배달에 비해 시간이 많이 걸려서 음식이 다 식어서 올 때가 많습니다.",1
47,Stanly Rohe,1,2025년 3월 8일,업데이트 하라는 문구는 계속 뜨고 구글스토어에 들어오면 열기라고만 뜨지 업데이트 키는 없고 고객센터에 전화했더니 재설치 얘기만 하고.. 재설치 100번해도 변화없고 사용하고 싶어도 사용할 수 없는 앱. 혹시나 해서 아래보니 데이터 삭제 캐시 삭제 얘기하는데 씨알도 안먹힘....,1
48,Google 사용자,2,2019년 6월 28일,어플의 구성이 좀~~ 그렇네요!! 메뉴의 전체사진이 있으면 좋겠는데.. 전단지 처럼!! 리뷰와 사진을 찾아보고서 주문을 하게 되네요.. 또한 주문 고객의 리뷰 작성시 자동으로.. 주문한 메뉴가 표시 되었으면 합니다.. 그래야 어떤 메뉴 사진인지 알아보기 쉽고 참고가 될 것 같네요~~,2
49,Julia Na,1,2024년 10월 9일,업데이트 후 사용이 불편해져서 안쓰게 됩니다. 리뷰 목록 둥 기존 메뉴들이 어딨는지 찾기 힘듭니다. 한 앱에 든 것이 많아 이동할때마다 안그래도 많이 눌러야 하는데 안내 팝업이 너무 뜹니다. 추천 분류가 너무 많아 상품 찾기 힘들고 마트 좋아요 같이 바로 사용하고 싶은 메뉴는 첫화면까지 뒤로기기 계속해야 해서 앞으로 갔다 뒤로가다 앱을 닫게 됩니다.,1
50,Google 사용자,1,2019년 1월 20일,멀쩡히 잘 쓰고 있던 정렬 기능을 개편을 위해 삭제한 버전으로 스토어에 올렸다구요? 이게 말이나 되는 소린가요? 기능을 바꾸려고 했다면 먼저 그것부터 충분히 테스트하고 대체해야지 사용자들보고 그냥 참으라고 막무가내로 없데이트한다고? 그걸 누가 믿어요. 그게 아니라 그냥 사람들 간 보고 싶었겠지. 정렬 없어도 괜찮은지 아닌지. 진짜 개편을 위해서 그런 거였다면 그것대로 동네 구멍가게만도 못한 프로세스 수준인 거고. 여러모로 우형의 댕청함이 놀랍네요.,1
51,Google 사용자,3,2019년 1월 12일,"정말 잘 쓰고있는데요, 결제 페이지에서 결제 실패하고 돌아오면 쿠폰 사용 설정이 초기화되면서 못쓰는 경우가 자주 있습니다. 결제 실패해도 해당 화면에 요청사항이랑 쿠폰 설정한 내역은 남아있으면 좋겠습니다. 처음부터 안쓸 생각으로 주문하면 모르겠는데 쓰려고 생각하다가 그런식으로 못쓰게되면 매우 기분이 나쁩니다",3
52,김헌우,1,2020년 9월 11일,"업데이트에 불만이 있습니다. 기존 버전에선 배민오더로 주문할 시 지도를 이용해 주문할 매장을 선택할 수 있었습니다. 저는 집 근처에 음식점이 별로 없는 관계로 주로 자전거를 타고 20분정도 거리의 상가의 매장에서 주문하는데, 업데이트 이후로 지도를 이용한 주문 대신 집 주변에있는 음식점들의 리스트에서만 주문이 가능해졌습니다. 물론 기존 배민 오더의 지도를 이용한 주문 방식이 음식점을 카테고리별로 분류하지 못 하는점을 보완해야할 필요가 있었던것은 맞으며 이를 잘 보완했지만, 기존 지도 방식을 완전히 없애버려서 저 같은 경우에는 업데이트 이후 더 불편해졌습니다. 기존 방식의 단점을 메꾸는 시도는 좋지만, 기존 방식이 갖는 장점을 아예 없애버리면 업데이트한 의미가 없다고 봅니다. 가장 나은 해결책은 지도 방식과 리스트 방식 둘 다 이용 가능하게 하는 방법이겠지만, 어플이 무거워지는걸 고려하면 기존 지도 방식을 사용하되 따로 필터링을 두어 이용자가 원하는 종류의 음식만 볼 수있게 하는편이",1
53,김경용,2,2021년 8월 2일,"배민 최근 주문수 및 리뷰가 정확한 숫자로 뜨지 않고, 100+, 그리고 리뷰의 경우에도 최대 100+로만 떠서 맛집인지 어떤지 확인하려면 클릭을 1~2번 정도 더 해서 들어가야 하네요...주문수는 최소 10단위로는 알수 있도록 변경했으면 하고, 리뷰도 10단위로는 바꿔서 이용자가 바로 알 수 있게 했으면 편리할거 같네요",2
54,김채윤,4,2021년 6월 12일,정말정말 보완해주신다면 삶의 질이 두배는 올라갈 거 같은 점이 있습니다... 메뉴에 해당하는 리뷰를 메뉴에 들어가면 바로바로 볼 수 있게 리뷰와 메뉴가 연결되면 좋겠습니다 맨날 먹고 싶은 메뉴에 대한 리뷰를 남긴 사람이 없나 계속 스크롤내리면서 찾아보면 시간이 너무 오래 걸리고 귀찮아요 ㅜㅜ 혹시 이미 기능이 있는데 제가 모르는 거라면 죄송하고 알려주시면 감사하겠습니당..,4
55,Haesung Cho,3,2021년 7월 2일,이번에 메인화면 ui구조가 상당히 불편하게 바뀐 것 같습니다. 특히 이전에는 제가 시켰던 음식 목록을 한번에 찾을수있어서 편했는데 바뀐 이후에는 스크롤을 내려서 음식목록이 어디있는지 찾아야된다는점이 불편한거같아요. 가게 대표메뉴를 이미지로 보여주는 방식은 더 구미를 당기게한다는점에서는 좋은데 이전 ui구조가 정보 접근성 측면에서 더 편했던거같아요 ㅠ ㅠ,3
56,하지윤,4,2023년 2월 15일,"배달의민족 주문시 리뷰를 자주 참고하는 편입니다. 한가지 건의사항이 있다면 최신순,별점순 뿐만아니라 제가 주문하고자하는 메뉴를 특정해서 그 메뉴의 리뷰만 확인할 수 있는 기능이 있으면 좋을 것 같습니다. 메뉴검색 기능처럼 리뷰에서도 특정 메뉴 검색기능이 필요합니다. 주문수가 많지않은 메뉴의 리뷰를 보기 위해서 드래그하느라 시간이 많이 소요되는 비효율이 발생합니다. 긍정적으로 검토해주심 좋을 것 같습니다.",4
57,득드기,1,2022년 3월 22일,이 어플의 가장 큰 문제점은 매장 지도확인 유무가 확률적이라는 점입니다. 지도를 시각적으로 확인하려먼 선택한 매장의 주문 메뉴가 배달-포장으로 분리되어 있을 때 포장을 선택해야지 확인할 수 있습니다. 다시 말해 해당 매장의 주문 메뉴가 배달-포장을 구분하지 않으면 주문을 결제하기 전까지 지도를 확인할 방법이 없다는 기적의 ui를 가지고 있다는 말입니다. 거기다 문제는 메인메뉴에서 포장탭을 선택해서 가게 검색을 했다고 해서 무조건 지도를 확인할 수 있는 게 아니라는 겁니다. 덕분에 포장주문 시킬 때 같은 이름의 다른 매장으로 잘못 찾아가는 일이 적잖이 발생합니다. 다른 배달 어플인 요기요는 100% 지도를 확인할 수 있었는데 왜 이 어플은 지도 확인을 확률제로 만들었나요?,1
58,펀치펀치,1,2025년 2월 2일,와이파이 상태에서 연결상태가 일시적으로 불안정하다고 무한 반복인데 이거 해결좀 해주세요 껏다켜도 앱 재설치해도 똑같음 와이파이 문제도 아닌게 같은 와이파이쓰는 다른 폰은 문제 없는데 제거만 그럼 기종도 옛날게 아닌데요 너무 불편합니다,1
59,Jun Min,1,2021년 6월 17일,첫화면 누구 생각인가요? 앱 사용해보고 만드신거 맞죠? 수수료 받아가서 한다는게 더 불편하게 만드는 건가요? 도대체 검색 칸을 만들어 두고 클릭하면 또다시 검색창으로 가지는건 누구 아이디언가요? 그럴거면 검색 창이 아니라 그냥 바로가기 버튼이죠. 민원24시 앱도 이거보단 직관적 일거 같네요.,1
60,커피콩,3,2024년 2월 3일,장바구니가 너무 불편합니다. 비마트에서 여러가지를 담고 스크롤 올리고 내릴때 살짝 대각선으로 움직이면 배달포장 대용량특가등 좌우로 넘어가 버리고 비마트 항목으로 다시 넘어오면 체크해둔 상태가 아닌 리로딩 되어 맨위로 올라가고 전체선택이 됩니다. 너무 예민해서 살짝만 직선에서 벗어나도 옆 항목으로 가는데 쓸때마다 짜증나더라고요. 위에 배달포장 비마트 대용량특가...등 항목을 눌러서 선택해도 될듯한데 화면을 옆으로 넘길 필요까진 없는듯합니다. 거의 매일 배민 어플 사용하면서 느낀점입니다.,3
61,Google 사용자,4,2019년 4월 13일,"메뉴가 참 다양해서 좋음. 다만 메뉴 가격이나 편리성이 무색해지는 최소주문금액과 배달팁이 큰 단점. 메뉴 하나가 8천원 해도 최소주문금액이 만원이면, 결국 만6천 주고 2인분 시켜야됨. 거기다가 배달팁도 있음. 차라리 배달팁을 더 주고 1인배달을 시켜주든가, 2인분 이상이 배달이라고 하든가. 이해가 안되는 시스템.",4
62,홍홍홍,5,2023년 10월 14일,어플이 업데이트되면서 좋아진건 음식별로 리뷰를 볼수있어 좋습니다! 그런대..예전에 탭별로 상세메뉴를 보이게 또는 안보게 설정할수있어 굳이 필요없는 메뉴를 안봣는데 업데이트되고 그 기능이 삭제되서 현재는 모든 메뉴를 다봐야한다는 아주 쓸대없고 개불편한 단점이 생겨버렸습니다ㅠㅠ 그 기능 다시 돌려놔주세요ㅠㅠ 쓸대없이 내려서 보는거 너무 힘듭니다ㅠㅠ 제발 꼭 개선해주세요. 부탁드립니다ㅠㅠㅠㅜ 제발요!!!!! 아그리고.. 추가 건의사항이 있습니다! 상점에서 과도하게 깃발을 꽂는것때메 중복적으로 보이는게 너무 심합니다. 배민이나 업체가 돈벌어야한다는건 알지만 과도한 깃발 꽂기는 소비자입장에서 너무나 불필요합니다. 상점이 어떠냐에 따라 다른건대.. 각탭별로 하나씩만 하게 갯수제한 해주셨음 좋겠습니다!!!,5
63,서지민,3,2022년 12월 3일,배민 어플 잘 이용하는 중입니다. 근데 배달기사 잘못인데도 배달기사 평가를 할수가 없어서 잘못없는 음식점이 피해를 받는경우도 종종있고 음식점 별점을 깍을순 없으니 억울하지만 그냥 넘어가는 경우가 생깁니다. 특히 배민 1에는 배달기사 평가가 생겼으면 좋겠네요 그리고 요청사항 저장을 음식점마다 다르게 저장하는 기능도 생겼으면 좋겠습니다. 맨날 시키는 곳이 다르니 저장을 해도 다시 써야하는 경우가 많네요,3
64,박지은,1,2024년 3월 22일,왜이렇게 업데이트 할때마다 사용하기 점점 불편하게 바뀌는지? 클릭한번 더 해야되고 더 번거롭게 바뀌네요. 일반결제가 기본임에도 저쪽 구석으로 밀려나고 마치 한집배달을 유도하듯 메인에 만들어 놔서 잘못 클릭하면 자꾸 나가서 일반결제를 다시 클릭해야하게 만들어놓더니. 이젠 결제창에 요청사항이나 리뷰이벤트할때 또 클릭해서 하게끔 바뀌었네요. 쓸데없는 짓 정말 잘하네요 배민.,1
65,김도윤,5,2023년 5월 27일,"배달앱 잘 쓰고 있습니다. 그런데 쓸때마다 느끼는 불편한점이 있어서 어필해봅니다. 수저포크 기본설정 X로 되어있는것좀 바꿔주세요. 주문 할때마다 깜빡할때도 있고 귀찮네요. 솔직히 안필요할때보다 필요할때가 대부분입니다. 그리고 1회용 용기 시켜먹는 배달 자체가 이미 친환경이 아닌데 무슨 환경지키는 척입니까. 그러면 배달 자체를 안시켜야지.. 사용자 불편함이라도 줄여주세요. 기본설정을 O로 하고 필요없는 사람이X로 바꾸면 되죠. 아니면 환경설정에서 원하는 옵션으로 고정해둘수 있게 해주던가요. 그것도 안되면 안주셔도 되요(체크)가 아니라, 주세요(체크)로 표기하는게 알아보기가 좋을것 같네요. 그리고 배달 위치마다 찜 목록이 달라졌으면 좋겠네요. 예를들어 회사, 집 동네자체가 다른데 불필요한 정보까지 나와서 헷갈리게 합니다. 찜목록이 많은만큼 더 헷갈려요.",5
66,t o t,1,2021년 9월 30일,"아이디 찾기를 하는데 휴대폰 인증을 하면 다시 로그인 하기가 뜹니다. 로그인 버튼을 누르면 당연하게도 그냥 로그인 창으로 연결되고요. 아이디를 찾아야 로그인을 하잖아요.... +) 몇번 시도를 하니 아이디를 일부 알려주는 화면이 연결됐습니다. 그런데 입력시에 오타가 났는지 제가 쓰는 이메일 주소가 아니었어요. 모르는 아이디에 비밀번호라 당연히 로그인 정보가 틀렸는데 수십번을 해도 로그인 시도 카운팅이 제대로 되지 않네요. 계정정보가 일치하지 않습니다 (4회 남음) 에서 변하지가 않아요. 일정 횟수 로그인 시도가 이루어지면 보통은 휴대폰이나 메일 등으로 계정 정보와 함께 로그인 시도 알림이 가서 계정을 잠그거나 로그인 정보 자체를 바꾸거나 탈퇴할 수 있게 해주던데 그런 장치는 없는 건가요? 아이디 자체를 모르니 탈퇴 후 재가입도 불가능하고, 앱 내의 고객센터에도 관련 카테고리는 없고.. 휴대폰 번호를 새로 발급 받지 않고는 비회원으로만 주문하게 됐는데 상당히 불편합니다..",1
67,파란색돌,1,2024년 4월 17일,요청사항을 뒷부분만 수정하려면 지우고 새로 써야하게 만들어놓고 가끔 수정해도 전에 썼던 요청사항으로 주문들어가는 경우도 있고 UI도 전체적으로 너무 불편함. 그냥 UI 디자인을 못한건지 지들 원하는데로 유도하려고 고의적으로 불편하게 만든건지는 모르겠지만 디자인 한 사람 머리속이 궁금할정도임,1
68,Google 사용자,2,2019년 1월 1일,첫 앱결제 문제점.. 첫 결제에러 나왔는데 거의 50분걸려 문제점이 나왔는데 생년월일때문 이라니..ㅡㅡ 19로해서 분명히 8개의 숫자를 잘 눌렀는데도 그것 때문이라고 하니 할말이 없었음 분명히 난 몇번을 했고 결제 수단을 바꾸니 바로 되는건 뭐일지...여하튼 사용하긴 좋은것 같은데 결제수단을 여러가지로 하는게 어떨런지...지금 있는것 보다 많게요..,2
69,환바,3,2024년 3월 16일,"배달의 민족앱자체는 만족하나, 식사후 맛 리뷰 평점 자체는 클린하게 이뤄지진 못하는것 같습니다.. 식당입장, 그러니까 업주 입장에서는 높은 별점으로 인한 주문건수를 기대하려 하겠지만, 주문자 입장에서는 맛이 없는 식당들도 대체적으로 4.8점이 넘어 정확한 맛집 탐색이 어렵다는 점에서 앱자체에 대한 평점은 3점으로 남겨 놓습니다.. 즐거운 식사를 항상 추구하고 기대하나 평점에 속아 그러지 못해 이를 애석하게 생각하고 있습니다! 수고하시는 어플리케이션 개발자 여러분들 좋은 아이디어로 참신한 방법을 구안해 내시길 바라며 이만 줄입니다.!",3
70,kh ki,1,2024년 4월 5일,UI 바뀌고 진짜 개햇갈리게 바꿔놨네요.. 모던도르에 빠져서 편의성이나 시인성이 거지같아진건 아닌지 한번 생각해봤으면 좋겠습니다 그리고 일회용품 체크되서 나오는거 개편하면서 꽁꽁감싸숨겨둬서 배달할때마다 전화해야하는거 개열받네요 진짜.. 이게 목적이셨다면 성공하셨습니다 축하드립니다,1
71,Hyojeong Kim,1,2020년 12월 7일,비마트 좋긴한데 불편합니다 장바구니의 그 체크 표시 하는 사각형도 너무 작은데 늘려줬으면 좋겠고 로딩도 너무 오래 걸리는데 로딩 속도도 좀 빠르게 바꿔줬으면 좋겠고 장바구니의 상품을 보고나면 체크 표시를 끈게 꼭 다시 선택이 되어있는데 그것도 고쳐서 체크 표시가 안나왔으면 좋겠습니다 글고 로딩 화면도 그만 좀 나왔으면 좋겠습니다,1
72,이유빈,1,2024년 3월 30일,"아무리 생각해봐도 배달의민족 어플리케이션 UI관련 부서 문제있어보이네요 기존에 주문창에서 한번에 볼 수 있던 UI를 포기하고 각각 메뉴 하나하나에 묶어 버리는게 맞나싶어요 UI관련해서 직급 낮은 개발자들이 이렇게 수정했을리는 없고 그위일텐데... UI 개편작업이라는건 사용자가 조금이라도 더 편하게 사용할 수 있도록 수정하는게 맞는거같은데 전부터 느끼는 거지만 가게창, 주문창 등 배달의 민족은 점점 안좋은쪽으로만 바뀌네요 요즘 쿠팡잇츠 무료배달 서비스 선언에 슬슬 밀려나가려는 시장분위기 알고있으면 UI라도 편하게하고 그에 대응하는 서비스를 제공하려 노력해야 할꺼같은데 참...",1
73,A la,4,2021년 11월 18일,배달앱 중에선 배민이 제일 편한거 같아요~ 몇 년 사용하면서 꽤 불편하다고 느낀점이 있는데 가게 메뉴들 리스트에 적혀있는 설명(보통은 메뉴의 구성을 적어둡니다)과 메뉴를 선택해서 들어가면 보이는 설명이 다를 경우에 리스트에 적혀있는 글이 잘려서 다 안보이면 뒷내용을 알 수 없다는 점이예요. 사진에서 메뉴 구성을 한 눈에 볼 수 있는 메뉴들은 괜찮지만 마라탕과 같이 조리시 사진이 찍혀있는 경우 구성품을 전부 알기 힘든 경우에는 사리를 추가하거나 빼는것이 굉장히 난해합니다. 이런점 때문에 지난 몇 년간 같은 불편함을 격고 있습니다. 주변 지인분들도 공감하시더라구요. 개선되었으면 하네요.,4
74,권연순,2,2020년 5월 10일,"초창기땐 완벽,아니 찐 완벽이었습니다. 여러가지 문제로 인해, 지금은 리뷰가 2.7정도 되었네요 문제점입니다 나이드신분들이 주문하기가 어렵습니다. 이걸 고쳐주시면 감사하겠습니다. 그리고, 오류가 너무 많이 납니다. 이 두개, 고쳐주시면 감사하겠습니다.",2
75,Google 사용자,2,2019년 6월 17일,수정) 메뉴구경이라던가 그런쪽에서는 문제하나도없었고 오직 결제 과정만 데이터를 쓰던 와이파이를 쓰던 다른폰으로 하던 옆동네에서하든 문제생겻습니다 계산화면에서 로딩이 너무심하네요 도저히 못쓰겠어요 요즘 문제있나요? 스크린샷 올리고싶은데 리뷰에는 못올리네요,2
76,김재아,5,2023년 12월 20일,"잘 쓰고 있습니다. 웬만한 모든 건에서 지불 금액이 다소 높더라도 편의성만 보장되면 어느 정도 수긍하는 편이라, 한집배달이나 일반 배달 배달팁 등 별 불호도 없고요. 그간의 고객센터 문의도 항상 빠르게 잘 처리해주셨던지라 나쁘지 않습니다. 다만 한 가지 건의인데... 어플 처음 깔고서 위치 선택이 아니라 로그인 혹은 비회원 주문 선택 화면 등으로 업데이트는 불가할까요? 비마트든 일반 배달이든 하도 자주 이용해 나름 줄이고자 무의미하게 어플 삭제와 재설치를 반복하는데 그때마다 일일이 위치부터 설정하기 번거롭더라고요. 이미 내 계정에 주소들이 있는데... (별거 아닌 단계지만 제가 정말 자주 삭제를 해서요) 아무튼간에 잘 사용하고 있습니다. 감사합니다.",5
77,hy h,1,2022년 12월 22일,배민1 자체가 한번에 한 집만 이라는 슬로건으로 진행하는걸로 알고 있는데 일반 배달과 시간 차이가 거의 없습니다. 특히 어쩔 때는 예상시간보다 훌쩍 시간이 지나도 배달이 오지 않아 문의하니 배달 기사가 매칭이 안돼 음식은 다 만들어도 배달이 지연되고 결국 다 식은 음식을 받은 적이 한두번이 아닙니다. 이럴거면 왜 추가요금까지 내면서 배민1을 하는지 모르겠습니다. 한두번 일어난 일이면 그럴 수 있지 라고 생각 하겠지만 너무 자주 이런 문제들이 일어나서 더이상 사용하고 싶어지지 않을 정도네요,1
78,김최선,1,2021년 6월 25일,첫화면 바뀐거 너무 별로네요 자주 사용하는 기능이 첫화면에 있으면 좋겠어요.. 클릭 횟수가 늘어나니 영 불편하고 답답합니다. 첫화면이 굳이 왜 필요한지도 모르겠어요 눌러서 들어가보면 이전이랑 크게 다를것도 없던데요 상자 속에 상자속에 상자속에 상자 같아요 홍보까지 하셔서 뭔가 더 좋아지나 기대했는데 기대한게 문제였을까요 기대 이하에요,1
79,Google 사용자,1,2019년 8월 11일,4시 이벤트 하면서 주문 에러 서버증설하면 공지라도 날리던가 몇십분을 시도만 하고 있었잖아요. 저같은 사람이 한 둘이 아닐텐데..아까운 내 시간...아... 뛰어난 개발자들 모아놨다는건 그저 홍보용인건지... 시스템 문제를 고객 네트워크 문제라고 하는 애러메시지는 도대체...에혀..모르는 사람들은 자기 폰 문제라고 생각하겠지.,1
80,최혜준,1,2024년 5월 31일,배달의 민족 어플 잘 쓰고있는데요 방금 정말 이상한 경험을 해서 문의드리고 싶습니다 갑자기 핸드폰에서 어떠한 화면전환없이 '배달의 민족 안심콜입니다' 라는 소리와 함께 연결알람음이 계속 울렸는데 수락이나 거절하는 버튼이 없이 소리만 나와서 정말 소름끼치는 경험을 했습니다. 모든 앱을 종료하니 알람음이 멈췄습니다 제 개인정보가 유출되고 있는건지 불안한데 앱의 문제인가요? 단순 오류인가요?,1
81,박성희,3,2023년 6월 7일,"요0요같은 경쟁어플을 사용하면 참편리한 부분이 있습니다 메뉴를 보다가 원하는 음식을 클릭만 하면 바로 다른사람이 쓴 리뷰가 나오면서 모양이나 음식의양 맛등 평가를 바로 볼수있는 편리함이 있습니다... 배달의민족 너무 좋고 잘 이용중에 있지만 궁금한메뉴에 대한 리뷰를 하나씩 찾아보면 주문하는데 너무 많은 시간을 쓰게됩니다.. 하나의 의견이겠지만 개선이 된다면 많은 사람들이 하나씩 찾고 고민할 시간에 더 빠르게 주문을 하게될것이고, 배민어플을 편리하고 더 좋은 이미지가 될거라고 생각합니다!",3
82,Google 사용자,5,2019년 7월 9일,배민앱 오늘처음사용했는데 신규쿠폰혜택 주셔서 덕분에 맛있게배달시켜먹었네요. 너무감사합니다. 관심있는장소 찜하는기능 맘에들어요 따로 찾지않아도 되어서요. 다만 다른분들의 리뷰를 참고할때에 그분들이 주문한메뉴도 같이 표시되었으면해요. 사진만보구선 어떤메뉴인지 잘모르겠더라구요. 앞으로도 잘 이용하겠습니다 :),5
83,SJ A,1,2020년 8월 17일,메뉴설명이 다짤려서 나옵니다 시키는대로 고객센터에 문의해봤지만 와이파이 때문인것같다는 이상한 답변만 돌아오고 해결의지가 없네요. 와이파이 하에서는 작동하지 않는 오류앱이라는걸 인정하는것과 같은 말 아닙니까? 설사 데이터환경문제라 해도 통신 에러처리를 제대로 하는게 맞지 저런답변은 정말 아닙니다,1
84,박민영,3,2024년 12월 30일,"배민클럽 첫 구독 무료 혜택 받아서 가입했는데, 첫 주문하기 전에는 해지 예약을 할 수 없고 한번 해지하면 혜택을 받지 않았더라도 무료 혜택이 사라진다고 공지가 되어있었나요? 보통 아직 이용하지 않았어도 해지 예약 버튼이 있고, 혜택을 받지 않았다면 다시 혜택받아서 가입할 수 있게 해주는 게 맞다고 생각하는데 안된다고 하셔서 황당하네요.. 만약 이게 명확히 공지가 되어있었다면 제 잘못임을 인정하지만, 사용자가 이를 명확히 판단하기 어렵고 이런 경우가 쉽게 발생할 수 있다고 생각해서 이 부분이 개선되었으면 좋겠습니다 기분좋게 배달 시켜 먹으려고 했는데, 너무 황당하고 기분이 안 좋네요.. 배달의 민족 지금까지 잘 이용해왔는데, 이런 문제가 생겨서 많이 속상합니다. 명확하게 공지가 되지 않았었다면 혜택 다시 적용시켜 주셨으면 좋겠고, 공지가 되어있었다면 사용자들이 한번이라도 이용 후 해지해야, 기간 만료까지 이용할 수 있음을 더 쉽고 정확하게 인지할 수 있도록 꼭 개선 부탁드립니다.",3
85,Google 사용자,4,2020년 1월 20일,전반적으로 다 만족해서 쓰고 있는데 예약주문이라는 기능을 가게에 충분히 인지시켜주시고 받아들인 업체만 사용할 수 있게끔 했으면 좋겠어요. 예약주문 할 때마다 바로 배달와서 당황시키고 주문 요청사항에도 예약주문이라고 까먹을까봐 적어놨는데 그쪽에서 이해를 못해서 주문 잘못한 거 같다고 하고 얘기를 더 해줬는데도 바로 배달을 와서 서로 불쾌하고 난처한 상황이 일어나는데 충분한 설명을 업체 측에 해주셨으면 좋겠네요 이해도 못한 가게에서 사용할 수 있게 허용해두고 주문자 탓으로 돌리는데 서로 감정만 상하네요,4
86,g s,1,2024년 1월 14일,수저포크x 버튼 기본으로 활성화 되어있는거 환경 보호한다고 해놓은거 압니다. 그런데 그거랑 별개로 사용자가 기본설정을 바꿀 수 있게 해줘야지 결제창 껏다가 다시 열면 또 체크되어있어서 조금만 까먹으면 수저없이 밥먹기 일수입니다. 기능을 삭제하는게 아니라 디폴트 설정을 바꿀 수 있게 옵션에 추가해주세요. 저는 직장에서 점심 먹을때 맨손으로 먹기 싫습니다. 이렇게 주문 실수때 젓가락 안받아봤자 결국 먹을 방법이 없어 편의점에서 하나 가져오게 만들 뿐 환경에는 도움이 안됩니다.,1
87,Google 사용자,3,2019년 3월 2일,우선 배달업체 광고가 너무 많습니다. 두번째는 주문직전 주소바꾸기 안되는게 매우매우매우 불편합니다.(메인메뉴로가야되서) 평점은 몇일 뒤에도 남길수 있도록해주세요. 서비스 엉망인 곳 화나고 참다가 알리려하는데 시간이 초과되서 안되는데. 몇일 유예를 주시면 좋겠습니다. 그래도 잘 쓰고있습니다. 감사합니다.,3
88,2채은,3,2024년 6월 10일,포장을 주로 시키는 사람인데 이번 UI 업데이트 후 포장버튼 찾기가 어려워졌습니다. 밑으로 내리면 보이긴하지만 버튼이 다른 것들과 섞여있기도 하고 이전 Ui에비해 크게 눈에 띄지않습니다. 너무 작아요. UI에 포장버튼도 배달버튼처럼 크게 보였으면 좋겠습니다.,3
89,리델,4,2022년 9월 28일,이전에 시켰던 가게인지 아닌지 확인이 좀 더 용이해지면 좋겠어요 주문 내역 안에서 검색이 가능하든지 아니면 가게 페이지에서 주문 횟수 등을 표시해주면 좋겠습니다 싫은 소리 하고 싶지 않기도 하고 단순 취향 문제인 경우도 더러 있어서 리뷰 남기지 않는 경우가 많아 리뷰 검색 기능은 있더라도 좀 부족하다고 느껴질 것 같네요...,4
90,mandarin red,3,2021년 1월 20일,"1. 아이콘, 텍스트가 작아졌다. 나도 좀 작다고 느끼는데 50세 쯤 이상의 사용자는 포기한거구나. 2. 점점 지저분해진다. 가게 목록은 울트라콜이니 뭐니 번잡스럽다. 똑같은 가게가 또 나온다. 등록된 가게들의 메뉴는 끝이없다. 메뉴설명도 사진이나 글 없이 부실하다. 전체적으로 이것저것 우겨넣어서 점점 지저분해 진다. 3. 필터 기능의 부재. 배달비 필터, 가격필터나, 원하는 메뉴의 리뷰를 찾아볼 수 없다. 싫어하는 메뉴, 알러지가 있는 메뉴나 그런 식품을 파는 가게를 숨기고 싶은데 숨길 수가 없다. 4. 난 알러지가 있다. 사장님께 남기는 말이 너무 길어져 알러지나 식성을 적는 칸이 따로 있으면 좋겠다. 또한 알러지나 식성에 맞춰 개별조리가 가능한 가게인지 표시가 있으면 좋겠다. 체인점에 전화로 저번에 너무 달았어서 덜 달게 해달라고 부탁했더니 그냥 뜯어서 만드는건지 그렇게 안된다 그러더라.",3
91,사람이,4,2023년 1월 8일,참 괜찮게 쓰고 있는데.. 검색결과화면에서 슬라이드로 다른 카테고리로 넘어가는 기능 민감도가 너무 높아서 불편해요 배달 카테고리 화면 아래로 내리던 중이었는데 포장으로 갑자기 넘어가고 자주 이러니까 다른 앱을 쓰게 될 정도로 영향이 있습니다 개선 바랍니다,4
92,Google 사용자,3,2019년 1월 8일,비회원으로 사용하다가 가입할까해서 네이버 아이디로 로그인시도를 했는데 팝업이 순식간에 0.1초정도 떳다 사라져서 무슨 오류인지도 알지도 못하다가 순간캡쳐해보니 이메일 정보제공에 동의를 하지않아서 로그인이 실패했다고 뜨는데 그럼 다시 선택을 할 수 있게해주시던가 계속 로그인도안되고 어쩌라는건지 모르겠네요 가입절차에 대한 안내가 부족한 듯합니다,3
93,Google 사용자,3,2019년 2월 22일,사이드 메뉴 누락 한두번까지는 참았는데 다른 메뉴를 보내주는건 못참겠습니다. 가격이 같다고 해도 순살을 시켰는데 다른 메뉴에 뼈있는걸 보내주면 기분이 매우 좋지 않네요. 주문표기가 바뀔수 있는건가요..,3
94,L L,1,2023년 6월 11일,"배달의 민족은 최악의 앱입니다. 초기부터 사용했지만 사용자에게 좋은 경험을 주려고 하기보단 이익 창출에만 우선인 앱이라고 보여져요. 보통 하나의 앱을 오래 쓰면 그럴 이유가 있을 만큼 발전이 보이고 소비할 이유가 생기는데 배달의 민족은 그런게 전혀 없어요. 배민1, B마트 등 돈 궁리할 새로운 메뉴만 생성하기 바쁘죠. 월 2-3회 정도로 자주 이용하는 것도 아니지만 그럼에도 이용하는건, 이용할 가게가 이 앱에만 있기 때문. 쓰면서도 욕하는 게 웃기죠? 초기 마케팅만 잘 했지 리뷰 영역에 대한 발전, 이미지, 가게 찾기, 배달 수수료 등 발전 된 건 단 하나도 없어요. 이렇게 큰 회사의 리뷰가 사진 올릴 때 돌아가는 기능, 텍스트 입력시 선택도 안 되는 구식을 보인다는게 말이 됩니까? 업뎃 해달라 요청한 적도 없지만 겨우 그런걸 요청까지 해야 하나 싶었고, 이 정도는 온갖 메뉴는 잘도 새로 만드는 한 기업의 기본 자세죠. 기본부터 합니다.",1
95,Google 사용자,4,2018년 10월 27일,실수로 결제했을때 2분안에 바로 앱에서 취소할 수 있었으면 좋겠... 너무 늦게 온다는 글을 못보고 결제후 바로 취소할라했더니 취소메뉴가 없어 전화. 근데 번호입력하래서 내번호 내가 입력했는데 자꾸 아니라고함.. 결국 주문들어간듯하여 취소포기.,4
96,Google 사용자,3,2019년 3월 28일,원래 멀리까지도 표시가 됫었는데 갑자기 바뀐뒤로 근처 가게만 표시되네요 가게들이 그래서 몆개밖에 안떠요 설정할때 가까운순 멀리까지보기 5키로내까지 보기 이렇게해서 멀리있는 가게도 설정하면 다 떴었는데 그게 기능에서 없어졌어요. 배달도 다 가능했던가게들이었구요. 근데 이제 코앞가게만목록에 뜨네요 너무불편합니다. 멀리있는 가게들도 표시되게 이전처럼 수정해주세요,3
97,la,4,2020년 10월 25일,"안녕하세요 배민을 거의 매우 이용하는 사람입니다. 한 가지 건의사항이 있어서 리뷰를 남겨봅니다. 현재 다양한 기능이 생기면서 많이 편리해졌습니다. 하지만 배달팁 2,000원 이하 1,000원 이하를 설정해도. 배달팁 0~4,000 이런 가게도 검색이 됩니다. 1인분만 시켜먹는 저로썬 상당히 쓸모 없고 불편합니다. 그래서 건의하고 싶은 내용은 최소 배달팁, 최대 배달팁 항목이 추가되어 최소 1,000원 이하 ~ 최대 2,000원 이하 이런식으로 설정해 배달팁 1,000원 ~ 3,000원으로 등록된 가게들은 출력이 안되도록 했으면 좋겠습니다.",4
98,김지담,2,2021년 12월 5일,"편해서 애용했었는데 최근들어 불편해졌습니다 ㅋㅋ 1) 메뉴가 많아졌는데 감당이 안됨, 특히 원하는 가게를 검색하기 불편함. 배민1 카테고리 안에 검색 ui가 없는건 진짜 미친것같음 2) 쿠폰을 배민1에서만 사용할 수 있는 이벤트를 하는데 관련가게 노출에 배민1이 아닌 가게도 노출시켜서 혼동이 옴 사실 2번때문에 개빡쳐서 리뷰적으러 온게 가장 큽니다. 제가 개발자는 아니지만 이 정도는 솔직히 내 주변 가게 노출 관련 로직 조금만 건드려도 쉽게 고칠 수 있을 것 같은데............ 어떻게 좀 해주시면 좋겠습니다.",2
99,Jihyun Ra,1,2024년 7월 15일,"분명 업데이트를 했는데... 슬라이드가 개선이 안 된 것 같아요. 가게 쭉 내려보고 있었는데, 메뉴 동작에 걸려서, 아래로 내려가지지도 않고, 가게 음식 사진이라도 보려고하면, 상단 메뉴가 옆으로 넘어감. 이게 10초에 한 번씩 있는데. 너무 빡침. 분명 어플 관리하는 분들도 사용해보셨을거고, 문제를 아실텐데. 음식 하나 고르는 데 굳이 이렇게 열 받을 필요가 있나 싶음. 가게 음식 사진 같은 거 없어도 되니까, 차라리 예전 걸로 돌아와주세요. 속 터져요.",1
100,조다빈,3,2021년 12월 11일,"업데이트 후 배민 앱 지움. 이름이 배달의 민족인데 무슨 쇼핑라이브에 b마트에 요상한걸 많이도 만드셨네요. 배달만이라도 꾸준히 잘하려고 노력했으면 정-말 좋았을텐데 초심으로 돌아온다면 그때 다시 사용 할 예정. 이만 요기요로 가겠습니다. (시각적으로도 불편, 시간적으로도 불편함. 업데이트하신 개발자는 사용자가 편리하게 사용가능한 어플 개발에 더 노력해보시길 바랍니다.)",3
101,아지의세상살이,1,2021년 6월 15일,업데이트 왜한거임? 배달메뉴가 메인인데 배달시키려고 들어가면 전보다 한번 더 터치해야되는데 대체 누구 머리에서 나온 아이디어인가요? 직관성이 너무 떨어지네요. 다른거 광고하고 장사하려고 하다 기존 사용자들을 잃어버리네..,1
102,Google 사용자,1,2019년 6월 22일,km거리로 볼수있는 버튼이 사라지고 나서 시골이라 그런지 뜨는게 정말 없었어요. 주위에 가게는 없지만 멀리서도 배달비 받고 오는 지역인데 가까운 거리순만 보이게 해놓으니까 뜨는게 없더라구요ㅋㅋ 슈퍼파워광고란?에 가게 세군데 뜨는거 막 새로고침 해가면서 찾아보는등 되게 불편해도 그래도 의리로 꾸역꾸역 참고 썼는데 이번 00가 쏜다 이벤트 보고 그냥 탈퇴합니다. 이벤트때문이 아니더라도 제가 사는 동네에서는 진짜 쓰기가 너무 불편했는데 이번 기회에 다른 어플 사용해보니 더 잘뜨고 쓰기가 훨씬 편하네요. 갈아탑니다,1
103,lee david,1,2024년 6월 5일,"원래 리뷰 잘 안남기는데, 씁니다. 고객 동의 없이, 또 선택권 없이 '배민클럽'에 가입 시켜 놓는 바람에, 오토바이로 빠르게 배달 받을 수 있던 한집배달을 쓸데없이 자전거 배달로, 배달이 돌고 돌아 옵니다. 이런 어이없고 무례한 정책에 실망하여 오늘 마지막 주문을 끝으로 4년간 꾸준히 써 오던 배달의민족을 탈퇴하고 어플을 지울겁니다. 배달비 논란이며 등등 그 어떤 논란에도 남아있었지만, 이번엔 선을 넘었네요. 그동안 잘 썼습니다.",1
104,아린,5,2021년 3월 26일,앱 정말 잘 쓰고 있습니다. 그런데 한가지 건의 드려도 될까요? 배달팁 낮은 순서로 했을 때 0원~3000원과 1000원이 있으면 0원~3000원이 먼저 뜨더라고요. 최소가격을 기준으로 한 것 같은데 실제로 배달을 시킬 때는 단체주문을 제외하곤 최대가격 혹은 최대에서 1000원정도 깎인 가격의 배달팁을 지불하는 경우가 대부분입니다. 배달팁을 고려하고 주문하는 사람이 저를 포함해서 적진 않을 것 같은데 그런 입장에서 이 기능이 처음 생겼을 땐 기뻤으나 실제로는 쓸모가 없다고 봐도 무방합니다. 배달팁 최대가격을 기준으로 한 배달팁낮은순 정렬 기능을 만들어주실 수 있나요? 그리고 리뷰를 볼 때 보고싶은 메뉴를 설정해서 볼 수 있는 필터링 기능이 있다면 좋을 것 같습니다. 글 읽어주셔서 감사합니다.,5
105,hj p,4,2021년 4월 17일,"평소 배민 앱 잘 이용하고있습니다. 한가지 배달서비스관련하여 개선했으면 하는게 있는데, 문앞에두고 전화/문자 요청시에 절반정도는 냅다 벨누르고 그냥 주십니다. 요청 선택지가 크게 의미가없는것같다고 느낍니다. 타사앱 쿠팡이츠에서 주문시에는 배달요청사항이 비대면서비스 배려가 잘되어있고(선택지 세분화) 초인종 여부가 나뉘어있어 좋다고느꼈습니다. 그리고 대부분 요청한대로 정석으로 주시고 기사님 개인문자가 아닌 앱을 통해 사진을 받을 수 있어서 좋았습니다. 그리고 개인적으로는 전화가 오는것보다 문자로 문앞수령 안내받는걸 선호하는데 해당선택지가 없어서 직접써서 문자달라고 요청드리는데 그닥 이루어지진않아서.. 요청사항 선택지에도 전화뿐아니라 문자요청이 있었으면 좋겠고 실제로 요청대로 기사님 반영이 잘되면좋겠습니다.",4
106,지원,1,2021년 12월 29일,정말 최악의 앱이에요. 수수료는 엄청 챙겨가면서 제대로된 관리는 하지 않습니다. 배달기사들의 매우 잦은 실수와 대체 몇개의 음식을 한번에 배달하는건지 기본 1시간 넘는 배달시간으로 가게에 문제가 생겼나 전화해서 점주가 배달기사에게 전화해보고 전달해주고 귀찮았던적이 한두번이 아닙니다. 피크시간도 아닌데도 엄청나게 오래걸립니다. 고객이나 가게 점주의 배달기사 블랙리스트제도가 무조건 필요합니다. 개선될 때까지 쿠팡이츠 사용하고 있겠습니다.,1
107,Google 사용자,1,2020년 4월 3일,"1. 음식점 리스트 중 수수료 가장 비싼 오픈리스트. 기존 랜덤 3개가 최상단에 떴는데 이젠 제한 없음. 오픈리스트 가입하지 않으면 가게가 보여지지 않음. 점주들 수수료 오지게 빼먹으려고 꼼수 오짐; (점주들 위하는척 고객 위하는척 기만도 오짐) 2. 점주들이 고객한테주는 쿠폰도 오픈리스트 가입자만 줄 수 있게함ㅋㅋ;; 오픈리스트에 안올리면 아래에 묻히고, 고객한테 쿠폰 제공도 못하고. 이건 강제고 횡포입니다.",1
108,Google 사용자,2,2019년 2월 4일,"음식을 배달해 먹는 것이 매장식사보다 가격이 몇천원 비싸고, 브랜드 할인 이벤트가 적용되지 않아도 어차피 차비 따지면 그게 그거다 생각하고 이용했는데, 최소주문금액에 배달비까지 따로 생긴 거 확인 후 방금 삭제했습니다. 그간 편하게 이용했는데 이제는 가격맞추려고 3인분 주문 + 배달비 따지니 혼밥하는 사람이 한끼에 2만원을 넘게 써야하더라구요. 앱자체는 좋아서 그동안 잘 사용했어요. 다만 이제는 제가 쓰긴 힘든 앱이네요. 나중에 동거하거나 결혼하게되면 다시 깔겠습니다.",2
109,뚜비뚜밥오뚜기밥,4,2021년 11월 13일,다른 사람은 볼수 없는 본인만의 메뉴 메모장이 있으면 좋겠어요 예를 들어 중국집에서 짜장을 시켜먹었는데 이집은 짜장면이 좀 많이 달더라 이런걸 간단하게 메모할 수 있고 나중에 시켜먹을때도 그 메뉴 아래 내가 적어놓은 메모가 항상 보이면 좋겠어요 음식점은 많은데 시켜먹었던 곳의 어떤 메뉴가 어떤지 나만 알수있게 표시하고싶어요,4
110,전종률,3,2024년 11월 26일,식당별로 메모할 수 있는 기능 추가 부탁드립니다. 예를 들어 이집에서는 배달 시키기 싫은데 시간이 지나면서 잊어버리고 다시 시키는 경우가 있네요.메모 할 수 있다면 이 식당은 이런게 별로다. 이런게 좋다. 재주문시 도움이 많이 될듯 하네요.,3
111,Google 사용자,1,2019년 2월 26일,잘쓰고있다가 방금 어플 실행하니까 잘못된요청입니다 (오류코드 40000000) 다시시도 누르면 무한루프네요 이상해서 어플삭제하고 폰 껏다켜서 다시설치해도 똑같음 뭐어째야되는건지; 집에 와이파이로 해도 똑같고 데이터로해도 똑같음; 개빡치네연;,1
112,LoveYU,3,2023년 4월 2일,노트20울트라 사용중인데요 배민 알림이오면 폰화면 전체가 켜집니다. 제폰이 간편알림 설정해놔서 다른앱들은 알림와도 aod화면에서 간략히 한줄로 알림뜨는데요 유독 배민만 광고등의 알림시 폰화면 전체가 켜져버립니다. 개선해주실수없을까요?,3
113,///,1,2024년 5월 26일,"바뀐 UI 너무 불편합니다. 배달 방식별로 따로 구성한 것도 불편하고, 배민배달로 들어가면 한집배달 형식으로 보이는 것도 불편합니다. 이전처럼 가게 정보 확인 후에 포장도 가능하게 탭을 나눠주세요. 리뷰 탭 버튼으로 들어간 것도 불편합니다.",1
114,Google 사용자,1,2020년 4월 19일,업데이트 하고 너무 싫어져서 삭제하는 겸 리뷰 새로 씀. 피드백 될지 모르겠지만 이러단 망할거같아 적는거임. 1. 맛집 골라서 먹으려고 주문많은 순/평점 높은 순으로 필터링하는거 좋아했는데 지금은 없어졌고 그냥 광고비 많이낸 울트라업체가 위에 너무 떠서 맛집 찾기가 힘들다. 번거롭다. 2. 업체에서 수수료를 얼마나 받아먹길래 ㅡㅡ 점점 비싸진다. 단골가게에는 직접 연락하는게 나을정도임 이젠. 배민이 너무 돈독이 올라서 초심 잃은 모습. 배달어플은 딱 중개하는 수준인거지 그게 어려운 어플도 아닌데 경쟁어플도 있는데 너무 자만하는거같다. 실망스럽다. 멋진회사같아서 입사지원도 할라했는데 요새 행보가 너무.. ㅃㅃ,1
115,ha a,2,2023년 1월 21일,"찜매장 구분 좀 해주세요! 대체 언제쯤이면 개선될까요?? 독점이라 해이한건가요? 유명한 앱 치고 결제 관련 부분도 정말 별로고, 앱 구성이 정말 단순합니다. 배민페이 사용절차가 힘들어 안쓰고 있구요. 다른것보다도 찜해놓은 매장들 한식, 양식, 중식, 카페.. 업종별로라도 구분 좀 시켜주세요. ㄱㄴㄷ순으로도 안되어 있고... 찜매장이 한두개도 아닌데, 이름을 전부 외울수도 없고... 매번 찾기가 어려워서 재검색하거나 주문했던 목록에서 찾고 들어갑니다.",2
116,ByoungSun Park,5,2020년 10월 29일,배달의 민족이 대한민국 최고의 배달앱이라는 것은 뜻깊이 인정하고 있습니다. 타 회사의 배달앱보다도 확연한 차이가 있으며 정말로 최고의 배달앱입니다. 그런데 한 업소에서 한 카테고리(야식)에서 동일한 업소가 8개이상 중복되어 나타나는 경우가 있습니다. 물론 같은 카테고리에서 광고 허용 범위의 제한이 없더라도 같은 카테고리에서 광고의 개수를 제한하지 않는데에 있어서 불편함이 많습니다. 흔히 도배라고 하죠. 이런 것을 막기위해 최소한으로 같은 카테고리의 광고 개수를 제한하는 것을 요청드리고자 합니다. 긴 글 읽어주셔서 감사드리며 감사인사 드립니다. 지금 코로나19시대에 걸맞는 최고의 앱입니다. 항상 수고하시고 응원하겠습니다.,5
117,Google 사용자,5,2019년 8월 4일,몇달동안 개속 사용하는데 너무 잘사용하고있습니다! 도시락쪽 에 한솥이란곳이 있으면 좋겟지만 아쉬워도 메우 잘사용하고있고 결재하는것도 매우편하고 사용하기도 편해서 좋습니다. (도시락쪽이 좀더 좋은곳이 있었으면 좋겟습니다..),5
118,Google 사용자,4,2019년 8월 27일,배달 음식이 개인의 취향에 따라 입맛이 틀리기 때문에 때론 맛도 허접하고 개념 없는 사장도 있있지만 .. 이곳 저곳 잘 찾아 맛있는곳 찾으면 단골이 됩니다 .. 편하게 집에서 음식을 즐길수 있는 대한민국이 대단 합니다~^^배달의 민족 다양한 음식점이 많아 별점과 리뷰 보며 잘 찾아 맛있는 음식 먹을수 있어 좋아요~^^,4
119,김태현,4,2024년 3월 26일,"주문할 때 배달방식(알뜰, 한집) 선택 없어주셨으면 좋겠습니다. 너무 불편하고, 이용할 수 없겠습니다. 현금결제도 없어졌다는 것도 상당히 불편합니다. 저도 현금결제 하는 편인데.... 다른 분들도 현금결제 하시는 분도 계실 겁니다. 웬만하면, 원래대로 모습으로 해주셨으면 감사하겠습니다.",4
120,J P,1,2024년 4월 24일,"예전에 잘되던걸 쓸데없이 바꿔가지고 시키려니 등록해놓은 카드정보는 다날아가고, 현장결제는 어디갔는지 모르겠고, 배민1은 배차가 안되서 배달 언제 올지도 모른다 하고, 주문에 문제가 생겨서 전화하려니 전화는 서로 드럽게 소리 인식이 안되서 3번 걸어도 안되고 ㅋㅋㅋㅋㅋㅋㅋㅋㅋ 이럴거면 배달어플 왜쓰지? 배달어플은 배달 편하게 시키려고 쓰는거 아닌가",1
121,Google 사용자,3,2019년 6월 9일,잘 쓰곤 있지만 두 가지 아쉬운 점. 1. 리뷰를 볼 때 주문한 메뉴가 뭔지도 같이 볼 수 있었음 좋겠음. 사진보면서 어떤 구성인지 추측해야함... 2. 기존 회원에게 혜택이 거의 없다고 봄. 신규 회원만 잡으려고 할게 아니라 포인트 적립좀 늘렸으면,3
122,Google 사용자,1,2019년 3월 17일,"배달의민족 진짜 잘썼는데 멀리보기 어디갔나요.. 워낙 배달해주는곳도 많지 않아 배민으로 단골된집도 많은데, 갑자기 뚝 없어져 찾기도 어렵습니다. 일개 사용자1이 말씀드린다 하여 조속한 조치가 이루어질게 아닌것을 알지만 속상하네요",1
123,최용범,2,2021년 9월 26일,왜 사용자가 배달원이 배달실수 한 것에대한것을 배달이 잘못간거에 대해서 증명해야하도록 시스템을 만드신거죠? 50분기다리라고해서 기다렸고 10분 더 기다려서 전화했더니 가게에서 배달원한테 연락이 왔고 배달원은 10분전에 배달 완료했다고 하는데 제 어플상으로는 아직 픽업상태고 아니었고 진행중이었는데 배달원은 분명히 문앞에 놨다고하고. 자기폰으로는 완료를 찍었다고하고. 근데 완료를 찍었으면 사장한테 그 정보가 가서 사장이 제어플에 완료찍게 하든 다이렉트로 제 어플에 완료가 됐다고하든 연동이 되야하는데 그것도 안되서 정보미스매치나고 배달원이 문앞에 놓고 노크했다고하는데 그건 다른집에했을게 뻔하고 지금 거짓말하는게 뻔한데!!!!!! 제가 문앞 거실에서 계속 기다렸는데!!!!!!! 왜때문에 제가 그사람에 거짓말을 증명해야하죠? 왜 시스템을 이렇게 만드신건가요??? 저 다시 배달시키고 기다리기싫어서 그냥 빨리 다시해서 갖다달라고 진짜 정중히 말했는데ㅠ결국 2시간 20분뒤에 받았습니다.,2
124,Google 사용자,5,2019년 9월 5일,"오직 한국에서 이용할 수 있는 신박한 어플 입니다. 외국에 살다 보면 아무래도 어플을 알게 되는데, 그 어플들은 다양하지 않은 결제 시스템을 갖고 있고 다양한 옵션들을 제공하기가 힘든 반면 신속하고 정확한 배달을 쉽게 주문할 수 있는 배달의 민족. 한국의 또다른 자랑이네요❤",5
125,co cc (씨씨코),1,2024년 3월 15일,한달에 20회 이상 사용해본 경험상 배민은 소비자와 가게 사이를 이어주는 역할을 하지만 트러블이 생겼을 때 해결 능력이 없음. 결제가 진행된 이후 배민은 중개자에서 방관자가 됨. 처음에는 만족할 수 있으나 가끔씩 생기는 문제에 대한 솔루션이 갖춰져있지않음. 수수료는 꼬박꼬박 받으면서 뭘하는 건지 신뢰하기 굉장히 어려움.,1
126,백하영,2,2022년 6월 13일,"오래 사용해왔고 지울일 없을 줄 알았는데... 배달팁이 너무올라서 도저히 이용할수가 없네요. 단체주문급 가격을 내지 않는이상 최대 배달팁으로 주문해야 하는데, 배달팁 적은순 정렬은 최소 배달팁을 기준으로 정렬해주니 답답합니다.",2
127,짱아찌더쿠,1,2021년 11월 30일,수수료라는 명목으로 얼마를 먹는걸까 10분거리인데 배달비가 5천원이란다ㅋㅋㅋㅋ 기본 배달비 3500원에 추가로 배달원분에게 직접 1500원을 더줘서 5000원씩이나 내가 고른 메뉴의 총가격은 8000원인데 이게 맞냐? 최저인금 생각해도 5000원은 무슨ㅋㅋㅋ 중간에서 중계비로 500원만 가져가도 통장에 잔고가 넘치겠다. 가게 주인분들이 좋으면 뭐하니 배달앱이 악덕인데,1
128,Google 사용자,1,2019년 6월 18일,굉방히 불쾌합니다. 인플루언서들에게 만원쿠폰 100장씩 보내는게 일반유저에게 도대체 무슨 즐거움을 줍니까? 변명의 여지 없고요. 여지껏 진성으로 꾸준히 사용한 vip고객으로서 (어떤 혜택도 아니다1000원 쿠폰 한번받았던것 같네요. ) 실망을 넘어서 분노합니다. 진짜 정떨어지네요. 마케팅담당자나 이걸 재밌다고 통과시킨 윗분들은 사용자들이 개돼지로 보이시나봅니다. 더이상 사용할 가치를 못느낍니다.,1
129,Even Wide,1,2021년 9월 29일,"배달팁 낮은순으로 정렬할때 ""xx원 이상 주문시 무료"" 같은 식당이 위로 배치되지 않게 바꾸세요ㅡㅡ 솔직히 1인분 배달 식당탭에서 정렬할때 조차 ""10만원 이상 주문시 무료"" 이런가게가 먼저 배치되는건 너무하지않나요? 이런 꼼수쓰는 가게때문에 배달료가 실제로 저렴한 가게를 찾을 수가 없어요ㅡㅡ",1
130,안민성,1,2020년 9월 12일,만나서 카드결제 왜 분할로 못하는건가요 배달시킬때 요청사항에 카드로 나눠서 낸다고 했는데 고객들의 요청사항은 그냥 묵살당하는건가요 나중에 배달와서 그제서야 있지도 않은 현금으로 내라고 강요하시고 계좌이체 강요하셔서 결국 한 분이 2만원어치를 혼자 부담하게 됬습니다 현금을 찾아서 갚아야된다는 부담감도 늘어났죠 편리하고자 한 앱인데 왜 매장에서 직접사는것보다 번거롭고 불편하죠? 이런점 개선해주시기 바랍니다 아니면 그냥 다른곳으로 갈아타겠습니다,1
131,Google 사용자,1,2020년 1월 24일,추석 이벤트게임을하는데 뭔 터치도 제대로안돼고 1마리 잘못누르면 1초씩감소되는데 250점이 가능합니까 터치라도잘되야지 끼어드는게 몇갠데 이거를 1분안에250점을 내라고하십니까ㅋㅋ 최대 230점정도로는해야지 좀 게임을 심하게만드신거같은데 쿠폰주기싫어서 이렇게 만드신거는아니시죠? 터치라도 잘되게 좀 만들어주세요ㅋㅋ,1
132,권성률,1,2023년 7월 31일,음식점은 빠르게 제때 만들어줬는데 배민에서 기사배정 안해서 1시간 넘게 기다렸네요. 고객센터에 전화하니 배정해놓고 전화돌려놓고 그이후로 전화 안 받다가 끊어버리네요?? 그럴거면 한집배달은 왜 해서 수수료 받아먹고 고객센터는 회피하나요. 배민 너무 별로입니다.,1
133,나리,1,2022년 6월 2일,주문을 했는데 가게는 주문 목록이 안떠서 취소된 줄 알고 있고 구매자인 저희 측은 돈이 빠져나간 채로 진행중이라고 해서 한시간 반을 버렸네요! 주문 취소도 늦어져서 가족들과 식사는 라면으로 떼우기로 했습니다^^,1
134,GO plug,1,2024년 6월 28일,b마트 상품 문제로 교환할라니까 재고없다고 안된다더니 반품할라니까 반품 일정도 안알려주면서 가격에서 일부 차감하고 줌 변심도 아닌데 불량 상품 줘놓고 할인한거 상품별로 일일히 빼겠금 만든 시스템이 되게 뭣같음 그리고 무엇보다 상담사들 다 싸가지도 없고 답장도 개느리고 보통 뭐 찾아보고 올거면 기다려달라고 양해말이라도 구하고 가는데 얘네는 말도 없이 상담하다 3분 4분 사라지고 그래놓고 내가 답장 늦으면 옳거니 하고 상담종료할라하지,1
135,YD Jeong,1,2023년 6월 28일,"기변으로 다시 받아서 로긴 할라니깐 아디 없다 그러고, 아디찾기 해서 다시 로긴하려니깐 없는 아디라 그러고, 신규가입 하려니깐 있는 아디라고 그러고 도대체 몇번을 쳐 해야 로긴이 되려나.. 고객센터 전화해서 다시 가입하려고 계정삭제 해달라니깐 무슨 서류제출 하라그러고.. ㅆ..ㅂ.. 안쓰고 말지..",1
136,주재건,1,2024년 8월 10일,진짜 무슨 배달 잘못해줘서 문의하려고 1시간씩 기다리고 주문 실수해서 취서하려고 요청해도 바로 대발 취소했는데 배달중이라고 취소도 안시키고 배민1은 왜 있는지도 모르겠고 그냥 배민1 시스템을 삭제하시면 좋겠습니다 사용자가 편해야되는데 자영업하시는 분들도 불편하고 사용자도 불편하면 존재 이유가 라이더 보호밖에 없는겁니까? 그리고 상담직원 연결이 30~1시간정도 걸리는데 없으면 늘리면 좋겠습니다,1
137,Google 사용자,4,2019년 9월 7일,"요즘은 배달팁이 있어서 맛있더라도 그냥집근처가게를 이용하고싶은데 추천가게들이 먼저떠서 가게가 내현위치의 거리순으로도 보였으면 좋겠고, 요즘 주방등이 더러운곳도 많다는데 내부모습도 찍어서 올리는것도 했으면 좋겠습니다",4
138,Anneshy Y,1,2023년 2월 10일,도로명 주소로 주소저장해도 배달만 시키면 지번주소로 바뀜. CS문의하니 우리는 문제없고 주문한 가게의 포스기가 원할하지 않다함. 도대체 입력된 정보를 자기맘대로 바꿔서 출력하는건 최신 AI인가요? 출력하는 기계가 정보를 변형해 출력한다는 말도 안되는 답변. 그럼 가게에서 출력하는 기계가 고사양 인공지능이 탑재된 포스기라는 소리 아닌가? 제일 엉망은 그걸 검토없이 그대로 복불하는 CS. 오류가 있으면 수정하려는 의지조차 없으며 해결하려는 노력조차 안함.,1
139,윤예진,4,2024년 4월 26일,음...저만 이런건지 모르겠는데 B마트 이용할때마다 몇분후 도착예정 이라 떠서 기다리고있다가 안와서 배달현황보면 너무 먼데 가시고 그래서 난감했던적이 한두번이 아니네요 물론 기사분들께 화난건 아니지만 기다리지않게 은행처럼 배달 대기건수 같은거 있으면 좋겠습니다. 그거빼고는 나머지는 다 만족스러워서 4점 줍니다,4
140,Hello Good,4,2021년 8월 5일,"잘사용하고 있습니다 새로 생긴 배민원 상점 리스팅 방식이 불편합니다. 한번에 여러개보고 싶은데 사진이 너무 커서 배달 시간, 배달팁 같은 글씨도 눈에 잘 안 들어옵니다. 대부분 사진대로 안와서 오히려 실망이 큽니다. 전 방식이 좋은 것 같아요 그리고 메뉴별 리뷰 모아보기 기능이 있었으면 좋겠습니다.",4
141,Google 사용자,3,2019년 11월 4일,"배달되는 곳도 많고 쿠폰도 있어서 좋은데, 만나서 결제 시에도 쿠폰을 적용할 수 있도록 해주셨으면 합니다. 배민에서 자주 시켜 먹는데 사정상 만나서 결제로 해야 하는 경우가 많아서 vip쿠폰을 쓰지 못하네요. 같은 서비스를 제공받는데 만나서 결제 시에는 쿠폰을 적용할 수 없는 이유를 전혀 모르겠습니다.",3
142,노한음,3,2020년 10월 30일,주문하려고 보면 메뉴 사진이 항상 잘려있어서 보이지가 않던데 고쳐주실 수 있을까요? 적어도 사진 보면서 주문하는 편인데 사진을 볼 수 없으니까 너무 불편하네요.. 핸드폰에 문제가 있어서 그런가 하고 삭제했다가 다시 깔아보니 그건 아닌 것 같아요ㅠㅠ 빠른 개선 부탁드립니다.,3
143,Lee JS,3,2023년 3월 23일,쿠폰 사용을 위해 주문 취소하려는데 취소버튼도 안 보이고 매장 전화연결 바로하기 기능도 없어 불편합니다. 다른 쇼핑앱은 사용 가능한 쿠폰 있으면 주문 전에 확인 시켜주는데 해당 기능도 있으면 좋겠어요.,3
144,liag S,4,2023년 2월 18일,배달앱으로 잘 사용하고 있습니다. 그런데 한가지 이해가 가지 않는점이 있네요. 음식배달앱에 왜 러쉬가 있는지..? 정관장은 건강식품으로라도 분류할수 있지만 러쉬나 사뿐은 본질을 흐리는 품목이 아닌지요? 입맛이 뚝 떨어졌습니다.,4
145,무무,4,2021년 8월 23일,"메인 카테고리에 플라스틱 용기를 사용하지 않는 매장, 비건식단을 포함한 매장을 조회할 수 있는 카테고리가 생기면 좋겠어요. 플라스틱 포장재를 이용하지 않으려고 하는데 그런 매장을 일일히 찾기가 어렵습니다. 제로웨이스트와 채식을 지향하는 이용자가 많아지고 있으니 진지하게 고려해봐주시면 좋겠습니다. 음식점 입장에서도 전략적으로 노출기회를 얻을 수 있으니 좋을 것 같습니다.",4
146,Yunhee Choi,3,2022년 3월 18일,1. 화면 스크롤을 할 때 자꾸 위아래가 아니라 좌우로 넘어가서 너무 불편해요. 2. 먹어본 집은 가게 리스트 상에 표시가 되면 좋겠어요. 주문한 횟수 표시면 더 좋구요. 주문기록은 단순 나열식이라 다시 먹고싶은 집을 찾기도 힘들고 다신 안먹을 실망한 집을 기억해내기도 어렵습니다. 3. 검색 정확도를 높이기 위해 필터에 음식점 종류를 구분하는 기능을 추가하면 좋을 것 같아요. 스테이크가 먹고 싶은데 파리바게트만 줄줄이 나오는 건 번거롭잖아요. 4. 대체 가게 연락처는 왜 안 적어 두시는 건가요? 전화연결 기능도 다 빼버리고... 고객센터도 무조건 채팅연결만 가능한데 그나마도 응답이 바로바로 오는 것도 아니라서 배달실수가 발생하면 정말 번거롭습니다. 자주 이용하는 앱이고 덕분에 편하게 맛있는거 잘 먹어서 좋기는 한데 사소한 불편사항으로 만족감을 잘 느끼질 못할 때가 종종 있어서 아쉽습니다.,3
147,Google 사용자,3,2019년 4월 7일,"언론에 노출된 이미지가좋아서 계속쓰고있는데, 사용도에 비해서 혜택은 크지않구요. 요즘들어 장바구니에 다른매장정보로 올라오거나 결제정보가 이상하거나 결제가 한번에 안되는 경우가 발생합니다. (결제 이상하면 심히 불안합니다) 어쩌다가 발생한경우라 다음에 또 발생하면 캡쳐해서 올리겠지만 에러가생길까 걱정한적 없이 사용했었는데 살짝 불안해지고 있네요. 인지도가 올라갈수록 사용도가 높아질수록 긴장하시고 잘 관리해주시기 바랍니다.",3
148,생당근,2,2024년 12월 1일,"찜목록을 지역별로 폴더링해서 볼수있게 만들고, 최근 바뀐 ui가 너무 복잡해요. 기능이 많은건 알겠는데 보기 불편하네요. 특히 배민배달이랑 가게배달 목록디자인에 차별을 둔건 좋지만 배민배달 목록이 사진만 크고 어떤 가게인지 한눈에 안들어와서 배민배달로 시킬 건데도 가게배달로 먼저 찾고 배민배달로 시켜요.",2
149,로로,5,2021년 7월 24일,진짜 좋아요! 배달 시켜 먹기 편리하고 몇분 남았는지 얼마 결제 되는지도 뜨고 여러가지 결제 방법이 있어서 정말 좋았어요! 여러번 시켜 먹었는데 불편한점 하나도 없었고 편하게 잘 사용했습니다! ㅜㅜ 불편한 점 있는 사람들만 여기 리뷰 쓰러 오나봐요 저는 편하게 잘 사용했어요!,5
150,Google 사용자,4,2019년 11월 2일,"31일까지 이벤트라고 하셨는데 31일에 업데이트 완료했음에도 이벤트 버전이 적용되지 않는 것은, 기종에 따른 업데이트가 차이가 있을 수 있다고 한 부분이 안드로이드 10부터 해당인가요? 갤럭시 S8 안드로이드 9인데 적용이 안 되어서 여쭤봅니다~",4
151,김지,2,2020년 12월 30일,"배민은 채팅상담팀과 상담봇 개발진을 혼내야 할 거 같습니다. 물론 상담량이 많으면 상담이 진행되지 않을 수 있지만, 주문완료 후 해당 채팅방 연결이 매끄럽지 못합니다. 연결은 배달시간 무관하게 완료 후 보통되며 이때 팝업 눌러서 들어가도 채팅이 쳐지지 않음 (보내기 실패). 그러고 얼마 안지나 바로 무응답 종결처리까지... 개발도 더 하고, 채팅전담 인원도 더 뽑는게 어떨까요",2
152,Kuma jin,3,2020년 10월 17일,평소에는 다른 어플을 주로 이용하다가 오늘 배민 어플을 깔고 오늘 등록 하고 첫주문 하며 느낀점 공유 드립니다. 1.회원가입부터 주문까지 정말 무슨 인증은 그렇게 몇번씩이나 하는지...몇번이다 포기하려다가 그래도 참고 첫 주문을 하였습니다 2.첫주문 끝나고 보니 배너에 첫주문 1만원 쿠폰이 보여서 들어가보니 이미 저처럼 쿠폰을 모른채로 첫주문을 정상가격으로 주문 완료 한사람은 영원히 받을수 없네요^^;;; 자동 쿠폰등록이나 사용이 되는것도 아니고 미리 알고 챙기는 분들만 사용이 가능합니다. 고객 관점에서 조금 더 편하게 가입할수 있게 하고 주문할수 있게 하지 않으면 경쟁사 앱 대비 사용을 안할것 같습니다. 그래도 배송기사님이 보내주신 안내 문자는 감사했습니다.,3
153,Google 사용자,1,2021년 6월 18일,진짜 왠만하면 이런거 안쓰려고했는데...첫화면바뀐거너무불편해요 !!! 그전것이 훨씬나았어요 찾기도쉽고 ㅠ 바뀐화면에서는 찜해놓은곳도 마이페이지눌러서 다시들어가야하고 .. 편하려고 화면개편하신거 같은데 사용자입장에서는 이게뭔가싶습니다.. 당연히 바뀐거라 익숙해질때까지 불편하고 불편하겠지만 .. 진짜 보기가너무불편해요 ㅠㅠ 이전께 보기가 훨씬편했어요!!!!!! 한눈에다들어와서좋았답니다.............,1
154,연주,1,2021년 1월 18일,필터 중복으로 체크할 수 있던 기능은 왜 사라진 건가요? 정렬기준을 하나밖에 선택이 안 되니 불편합니다. 배달비용 범위도 지정가능하던 게 왜 사라졌는지 정말 불편합니다. 1인 가구 특성상 과도한 배달비는 부담스러울 때가 있어서 배달비용 제한 설정이 가능한 부분이 음식점 찾을 때 용이했는데 그게 안 돼서 당황스럽네요. [정렬기준+배달비+최소주문금액] 이런 조합으로는 설정이 가능하던 게 다른 배달앱과는 다른 점이라 편리했는데 매우 불편해졌습니다. 다시 가능하게 됐으면 좋겠습니다.,1
155,애기햄지,5,2022년 9월 4일,"안녕하세요. 몇 년간 어플을 잘 사용하고 있는 유저입니다. 그런데 어플을 꽤 오래 사용하다보니 조금 불편한게 생겼습니다. 배달을 자주 시켜먹다보니 많은 가게들을 찜해놓게 됐는데, 찜한 가게가 많이 쌓이다보니 제가 원하는 가게를 찾기가 조금 번거롭습니다. 원하는 가게를 찾기 위해서는 스크롤을 하염없이 내려야합니다. 내가 찜한가게 내에 검색기능이나, 아니면 카테고리를 분류해서 볼 수 있는 기능이 추가된다면 사용하기에 조금 더 편리할 것 같습니다. 그리고, 찜한 가게를 선택해서 한 번에 여러개 해제할 수 있는 기능도 있으면 좋겠습니다. 찜해놓은 가게들 중 일부가 폐업 등의 이유로 주문이 불가하게 됐는데, 목록에서 자동으로 삭제가 되지 않고 남아있더라구요. 그런데 한 번 찜을 해제할 때마다 자꾸 목록이 맨 위로 올라가는 바람에 여간 번거로운게 아닙니다ㅠㅠ 목록이 보고있는 페이지가 고정되거나, 혹은 선택 삭제를 할 수 있는 기능이 있으면 좋을 것 같습니다. 감사합니다.",5
156,Google 사용자,3,2019년 2월 25일,"맛집 동네 검색 있음 좋겠음 메뉴 종류 선택 장애 들을 위해서요 글이 잘못 전달 된거 같아 추가 작성합니다. 우리동네 맛집 검색은 있는데, 상호를 알아야만 검색할수 있습니다. 상호 검색은 우리 동네에 무슨 맛집이 있는지 알때 하는거자나요 제말은 검색어 없이 위치 기반으로 주변에 등록된 맛집들을 보여주면 그중에서 선택 할 수 있는 기능을 얘기한겁니다.",3
157,sho_Ony,1,2020년 9월 14일,"메인에서 카테고리로 진입하면 텅 비어있거나 몇 안되는데, 검색하기로 찾으면 나오는 업체수가 상당히 많네요. 카테고리로 진입하면 배달 가능한 매장을 다 띄워주는게 아닌가요? 뭔가 범위가 엄청 좁게 설정되어있는 듯한 느낌입니다. 이 문제로 앱 내 문의하기 통해서 여러번 문의했는데, 최신버전 업뎃하라는 말같지도 않은 답변이 와서 여기다 적습니다.",1
158,Google 사용자,1,2019년 4월 7일,메뉴 이름으로 검색 안 되고 가게 상호명만 검색할 수 있는거 너무 불편해요. 그리고 한식에서도 세부 카테고리가 정해져 있지 않아서 찾는 게 힘들고요.. 인터페이스도 깔끔하지 않고 너저분 해진거 같고 (배민라이더스 서비스 오픈 이후 밑스크롤에 무언가 많이 생겼네요) 복잡해요.,1
159,Google 사용자,4,2019년 9월 21일,"오랫동안 애용중인 배민인입니다^^ 매장도 계속 추가되고 다양한 음식이 많아져서 정말 좋습니다. 하지만 아쉬운게 있다면, 메뉴사진이 추천메뉴에만 있어서 메뉴선택이 어려워요. 사진이 모두 있다면 메뉴선택이 더 수월할것같아요. 그리고가게 운영시간이 실제 운영시간과 맞지않은 곳이 몇몇있어서 불편함이 있고, 어느 가게는 배송료를 현금으로 받는곳이 있어서 현금이 없을땐 주문을 할 수 없어 아쉬워요. 어플사용에 항상 좋은 환경이 되게 개선 해주셔서 감사하며, 위 사항도 개선된다면 정말 더 좋을것 같아서 적었습니다. 수고하세요^^",4
160,Google 사용자,3,2019년 11월 26일,많이쓰다보니 편하기는한데.배달팁이 너무 부담스러워요. 장기적으로 쓸때 이벤트나 다양한 혜택이 한번씩이라도 있으면 좋을거같아요. 지난번 반찬집 배달시에 배달팁을 배달후 요청해서 당황했어요. 자세히 보고 주문했어야하는 제 잘못도 있지만 어떤건 배달팁 같이써있고 같이 결제되는데..상품구매후 별도 배달팁요청 부분은 좀 그랬습니다.확실히 눈에 잘보이게 개선되어 주문시 착오없게되면 좋겠어요! 반찬가게등도 웰빙등 더 많이 업로드 부탁드립니다.감사합니다,3
161,새황,3,2023년 1월 12일,"메뉴별 리뷰 조회가 가능했으면 좋겠습니다. 결정에 불편합니다. 어차피 ""나 이거 먹고 싶은데 사람들이 뭐라고 했지?"" 하면서 필요한 것만 선별적으로 읽게 되는데 그 과정에서 스크롤링이 매우 귀찮습니다. 특정 메뉴에 대해 단순 기호 표현/매장이 기재하지 않은 재료를 알리는(알레르기 등) 리뷰들을 주로 필요로 하는 고객도 해당 기능으로 더 만족스러운 경험을 할 것으로 보입니다.",3
162,sh o,1,2023년 1월 2일,최근에 배민 혹은 갤럭시쪽 업데이트에서 문제가 있는것 같습니다. 밑에 다른 리뷰들 보니 저와 비슷한 현상을 겪고 계신분들이 있네요. *갤노트10+사용중 *로그인시 '일시적으로 연결이 불안정합니다' 라는 메시지 출력후 로그인 불능 *어플작동시 인트로 화면에서 넘어가지 않음. (무한로딩) *가게터치 혹은 장바구니의메뉴 주문버튼 터치시 로그인때와 동일한 문제 발생 *설치 삭제 후 재설치에도 동일한 문제 반복 *태블릿(갤탭7)으로 테스트시 정상작동함. 원인이 뭔지 모르겠는데 최근 한 일주일? 동안 계속 이러네요.,1
163,Google 사용자,4,2019년 7월 8일,"배달앱 1등답게 정말 많은 매장과 보기편한 분류등으로 자주애용하고있습니다. 근데 사용하다보니 1가지 기능이 추가되었으면 하는데 어렵지 않을까 생각되는데, 가게 매장 이름 검색도 좋지만 메뉴이름으로 검색도 가능하면 좋을 거 같습니다. 며칠전 어떤 음식이 떠올라 먹고싶었는데 메뉴이름은 생각나는데 매장이름이 생각나지 않아 찾다 포기한 경험이 있거든요.",4
164,hm Urban,2,2020년 9월 12일,"포장 선택시 기존 지도상에서 보이던 가게들이 목록으로만 볼수 있게 봐뀐점은 너무 불편합니다. 포장 주문 특성상 내가 주문한 위치에서 가게가 얼마나 멀리 있는지, 어떤식으로 가야 하는지 지도상에 직접 눈으로 보고 결정하는 점도 있는건데 이건 일일이 목록상에서 가게를 보고 찍어서 지도로 가는길을 찾아 봐야 하는데 기존 지도와 목록 두가지 다 볼수 있던 것과 너무 불편하네요 두가지다 선택이 될수 있으면 좋겠습니다.",2
165,Google 사용자,4,2019년 2월 16일,배달 앱 중에서 제일 편하고 정직하게 운영되는 것 같아 자주 시켜먹습니다. 근데 한 가지 아쉬운 점이 있다면 리뷰를 달지 않은 채로 모바일작업을 하고 있으면 배너가 작업창을 가려버립니다.. 이런 식으로 앱이 광고를 싸지르면 제 입장에서는 작업에 지장이 갈 수 밖에 없고요.. 애초에 리뷰는 사장님께 개선점이나 좋았던 점을 기재하는 건데 항상 그런 것들이 생겨날 수는 없는 것입니다.. 그렇기 때문에 리뷰요청 메시지를 화면을 점유하는 메시지가 아닌 카톡이나 휴대폰 메시지와 같은 상단 알림으로 변경해주었으면 합니다.. 앱이 화면을 점유해버려서 작업이 멈추면 가끔 빡치거든요,4
166,Google 사용자,3,2019년 2월 5일,"몇년 전에는 다른 배달 앱 쓰다가 배달의민족만 계속쓰고 있는데요, 아쉬운 점이 있습니다 찜한가게가 딱 30개만 보이는 거요ㅜ 그렇다고 그 전에 했던 찜한가게가 없어지지는 않더라구요 찜한가게는 다 보여졌으면 좋겠습니다 또 리뷰를 보고 메뉴를 주문하려고 하는데 그 메뉴가 뭔지 몰라 주문을 망설였던 적이 몇 번 있어요 이건 아마 다른 앱에는 있는 기능일텐데 리뷰에 주문한 메뉴들도 자동으로 같이 뜨는 기능도 있었음 정말 좋겠어요! 배달의민족 정말 잘 쓰고 있습니당💕💕",3
167,스카즈,1,2023년 6월 24일,같은 브랜드인데 기본 나열이 왜 먼곳부터 나오는지 이해가 안되네요. 당연히 거리순이 가장 기본이 되야하는거 아닌가요? 아니면 설정 저장이라도 되게 해줘요. 나열순을 변경해도 매번 리셋되니 일일히 확인 못하고 급하게 배달시키다 똑같은 매뉴인데 다른 동네 가게에서 주문하는 바람에 추가배달비 계산한게 몇번째인지 모르겠네요. 일부러 이렇게 앱 개발 한겁니까? 사용자 리스트 설정 저장 기능 좀 추가해줘요.,1
168,김지우,3,2021년 10월 1일,"배달팁 낮은 순으로 정렬을 했을 때 대부분의 가게가 배달팁 0원부터 시작합니다. 하지만 막상 배달팁 정보를 보면 4~5만원 이상을 시켜야만 배달팁이 0원이고 실질적으로 3~6천원까지도 지불해야하는 가게가 많습니다. 이 자체로는 불만이 없으나 이런 가게들이 '배달팁 낮은 순'위 정렬에서 최상단으로 올라오는 것이 문제입니다. 실질적으로 배달팁이 낮은 가게들 (0원~1500원)은 썸네일 상으로는 찾기가 어려워 아래로 계속 스크롤을 해야만 찾을 수 있습니다. 높은 주문 가격에 배달팁 0원을 책정하는 것이 요새 가게들이 상단에 노출될 수 있는 편법인 것 같은데 이로 인해 소비자도 불편하고 실제로 낮은 배달팁을 제공하는 판매자도 매우 손해를 보는 시스템입니다. 가게의 평균 배달팁을 보여주든지, '0원~'으로만 표기하지말고 최대 배달팁까지도 표기가 되는 방향으로 앱 수정이 되었으면 합니다.",3
169,Google 사용자,5,2019년 12월 3일,"잘 사용하고 있어요. 한가지 제안드릴게 있어서요. 음식점들 중에 배달비를 받는데가 있고 안받는데가 있는데요. 배달비를 안받는 음식점을 옵션으로 선택해서 분류할 수 있으면 좋겠어요. 지금 뜨는 창에 배달비 유무를 눈에 띠게 표시하면 업주들이 난리치겠죠? 그래서, 옆에 옵션으로 분류하는거 있잖아요? 주문 많이 한 순, 가까운 순 이런거요. 여기에 배달비 낮은 순 이런 옵션이 추가됬으면 좋겠어요.",5
170,Google 사용자,2,2019년 1월 23일,지도앱이나 다른 주문어플에서는 위치서비스가 정상적으로 작동되는데 이 어플만 제 핸드폰에서 위치 서비스를 이용할 수가 없네요 혹시나 싶어서 지웟다가 다시 깔아봣더니 아예 검색자체도 안되서 사용을 할 수가 없네요 처음엔 위치서비스 잘 되다가 갑자기 왜 이런거죠 참고로 사용 기종은 s7엣지 입니다,2
171,Google 사용자,2,2019년 6월 3일,단순 배달앱인줄 알았는데 도대체 무슨 개인정보를 캐가시려고 수상쩍게 캐시메모리 쳐먹으면서 백그라운드로 돌아가죠? 주기적으로 캐시메모리 정리를 하는데 이거는 죽여도 계속 재기동 되더군요. 프로그램 느리게 시작해도 좋으니까 개인정보 강탈 의심 안받으시려면 앱 비작동시 백그라운드에서 캐시메모리 먹는거 가능한한 빨리 수정 부탁드립니다.,2
172,이숲길따라,1,2023년 1월 1일,"비회원으로 주문하고 kb pay로 결제해서 ""결제가 완료되었습니다"" 라고 됐는데 (처음이라 잘 몰라서 2번 반복해서 결제) 확인차 매장에 전화하니 결제가 안됐다고, 배민에 전화를 하니 결제가 안됐다고... kb, 배민 어느쪽 실수인지... 결제를 현장 결제를 하면 아주 아주 편할텐데 왜 이렇게 복잡하고 짜증나는 결제 과정을 거치는지... 외국 호텔 예약 결제보다 복잡하네요.",1
173,허유림,4,2022년 12월 18일,"어플을 편리하게 잘 쓰고 있습니다. 다만 검색시, 오류가 있습니다. 홈화면에서 처음 검색시에는 문제가 없지만 검색 후 창을 뒤로가기 하지않고 재 검색시 입력에 오류가 있습니다. 예를 들어, ㄱ을 한 번 입력하면 ㄱㄱ으로 두번 입력이 되고, ㅜ를 입력하면 ㄱ으로 입력이 됩니다. 이때 홈화면으로 돌아가면 문제가 없어집니다.",4
174,Google 사용자,1,2019년 2월 12일,집 주변 음식점을 비롯해서 원하는 지역 주변 음식점도 알 수 있어서 정말 좋다. 이런 식으로 친구에게 시켜주기도 했다. 그리고 집주변 음식점 등록된것도 상당히 많다. 포인트도 적립되고 쿠폰으로 할인까지 되니 전화주문은 거의 하지 않게 되었다. 그렇지만 나이스페이는 좀 없애든가 했음 싶다 무한로딩딥빡 19년 2월 11일 여전히 나이스페이가 문젭니다; 통신망 문제없고 카드문제도 없는데 예전에는 없었던 포인트결제는 실패문구 기입에는 그러려니 했지만.. 온전히 줘도 결제가 안되는건 어쩌라는것인지.. 실패만 4번?5번?인가 하고 빌게이트로 결제했네요. 나이스페이 먼저 뜨는거 개선좀 해주셨으면 좋겠습니다. 나이스페이때문에 짜증나서 이럴바엔 그냥 전화주문할거 같아요,1
175,임호식,1,2021년 7월 15일,"쿠팡이츠가 노골적으로 라이더가 동시에 다건 배달하는 모습을 광고로까지 만들면서, 비판하는데 개선사항이 진행되는 모습이 없음. 배달 시스템을 개선할수는 없어도 사용자와 가게 주인 입장에서 주문상태에서 픽업현황 정돈 알수 있어야하지만, 이 픽업상태 변화를 라이더가 배달시작 버튼 누름으로 바꾸고 있음. 이러면 배달 늦어지면 가게만 민원 전화 들어오고, 사용자는 사용자대로 짜증나는 형태로 될거 같음. 해당 기능 관련해서 개선이 필요해 보입니다.",1
176,이로움,1,2021년 6월 15일,첫화면 바뀐거 너무 불편하고 별로예요 웹디자인 진짜 지저분해요 쇼핑라이브? 중요도가 떨어지는걸 첫화면에두고 막상 중요한 주문하는걸 버튼으로 들어가게 하는건 무슨일이죠? 다른 배달앱으로 갈아타고 싶을정도 검색하는것도 검색을 한번 누르고 또 눌러야지 검색이 되는건 뭐죠...? 왜 이런 쓸데없는 기능을 추가하신거죠?,1
177,푸르미,5,2022년 5월 30일,"스마트폰 구입후 알게 된 배달음식 어플 정말 넘 편리해요. 정직한 리뷰에 사진, 별점등 메뉴 선택하는데 많은 도움이 되고 주문에서 결제까지 한번에 할 수 있어서 very good~^^ 이젠 입맛 없고 외출하긴 싫고 집밥에 싫증날 때 면 [배달의 민족]을 찾는 답니다~~",5
178,Genuine,3,2022년 11월 20일,"한창 장바구니에 메뉴 고르던중에 영업시간이 종료되는 경우도 있어 아쉬워요. 영업 마감시간이 임박했으면 그런 점이 강조돼서 보여졌으면 좋겠어요. 현재는 가게정보에 굳이 들어가서 봐야지만 그 게 확인되는데, 다 고르고나서 장바구니에 들어가서 주문넣으려고 할때 그제서야 영업시간이 아니라고 뜨니까 불편했던 적이 한두 번이 아니에요 - 그리고 배달앱으로만 영업하는 식당들이 위생 면에서 미디어에서 이슈가 여러 번 되던데, 그만큼 위생 면에서 믿고 먹을수있는 식당인지를 세스코멤버스 말고도 조리과정에 대한 위생 면이 검증되는 필터링도 있었으면 좋겠어요 msg가 얼마나 들어가는지, 전 재료가 어떤지 같은부분도 투명하게 알수있게되면 더 좋고요 - 그리고 주문했던 식당에서 리뷰 볼때 주문자본인이 남겼던 리뷰를 다시 쉽게 골라볼수있게 개선되면 좋겠네요 어떤메뉴에 어떤맛조절에 어떤옵션으로 주문했었는지 등을 다시볼수 있 - 위와 같은 면들이 개선된다면, 등록된 식당수가 많기때문에 편리하게 잘 이용할수 있",3
179,B aah,4,2022년 6월 2일,"1. 메뉴 선택란에서 해당 메뉴를 주문한 사람의 리뷰를 볼 수 있는 기능이 있었으면 좋겠습니다. 주문하기 전 특정 메뉴에 대한 리뷰를 보고 싶은데 직접 리뷰란을 스크롤하면서 찾기 너무 번거롭고 불편합니다. 다른 배달앱인 요*요에는 예전부터 있었던 굉장히 유용한 기능인데 배민에도 생겼으면 좋겠습니다. 2. 배달팁 낮은순 정렬 시스템이 개선되었으면 좋겠습니다. 배달팁이 저렴한 곳을 찾고 싶어서 그 기능을 사용하는건데 배달팁이 500~1000원인 가게보다 0~5000원인 가게가 더 먼저 뜹니다. 근데 5만원 이상 주문시 0원, 그 이하는 5000원 이러는 가게가 너무 많다보니 짜증이 안 날 수가 없습니다… 그냥 단순히 최소 배달팁 순으로 정렬되는 것이 아니라 직접 원하는 배달팁의 범위를 설정하는 식으로 개선되면 좋을 것 같습니다.",4
180,조서윤,1,2023년 2월 19일,"검색 화면에서 전체/배달/포장 탭 중 배달 탭을 스크롤 내리면서 볼 때, 아래로 스크롤하는데 자꾸만 왼쪽 오른쪽으로 넘어가서 전체 탭이나 포장 탭을 보게 되는데 정말 불편합니다. 검색 후 배달 탭, 포장 탭, B마트 탭 뭐든 하나를 선택했으면 좌우로 넘기는 건 안 되게 하시면 안되나요? 가끔 그러는 것도 아니고 스크롤 한 번 내릴 때마다 왼쪽으로 넘어가서 전체 탭에 가게 되니까 너무 불편하고 답답해서 씁니다",1
181,Google 사용자,4,2019년 8월 11일,"정말 잘 쓰고 있는 앱입니다. 단지 아쉬운 점이라면 메뉴 선택후 결제창 이전 화면에서 메뉴별로 세부 추가사항을 수정할 수 있는 기능이 추가 되었으면 합니다. 즉, 예를 들어 베스킨라빈스에서 파인트( 3가지 맛)을 a b c로 시킨 뒤 결제하기를 누르기 이전 화면에서 파인트를 누르면 a b d로 수정할 수 있었으면 좋겠습니다 다시 메뉴를 삭제하고 세부사항을 누른 것이 번거롭게 느껴집니다. 꼭 반영되었으면 좋겠습니다! 감사합니다.",4
182,이다정,5,2021년 9월 10일,배민 없으면 못사는 1인입니다. 너무 잘쓰고있는데 건의를 몇가지 드리고 싶습니다. 1. 주문내역 검색기능 추가 : 예전에 주문했던 가게나 메뉴가 기억이 안나서 찾아보려면 참 힘드네요. 배민에서 워낙 많이 시켜먹어서 한참 스크롤 내려야 되거든요ㅠㅠ저같은 충성고객들 위해 제발 추가해주세요... 2. 특정 메뉴 선택하여 리뷰보기 기능 : 요즘 리뷰에 다른 고객이 무슨 메뉴를 먹었는지 볼수있어 참 좋습니다! 그런데 원하는 메뉴를 선택하면 해당 리뷰만 볼 수 있는 기능이 생기면 더 편할 것 같아요!,5
183,Google 사용자,3,2018년 11월 7일,이번에 인터페이스 업데이트 되면서 보기가 좀 불편해졌어요. 메뉴들이 다 너무 커서 한눈에 안들어오고 레이아웃이 좀 싸구려 전단지 같은 느낌이 드네요. 이전 레이아웃에 너무 익숙해져서 그런걸수도 있지만 예전 디자인이 더 배민스럽고 고급진 느낌이에요.,3
184,Google 사용자,1,2019년 8월 11일,. 옛날에도 주문보낸지 2시간뒤에야 주문취소답장이 오는게 마음에 안들었는데 이번에는 어플자체 오류가있네요 ^^ 내가 내 돈주고 피자 시키겠다는데 왜 결제 창으로 들어가지지 않을까요?? ^^ 하얀화면만 뜨고 점심때 일어나서 배고픈데 화나네요! 아 참고로 네트워크 연결이 안됐다고 말같지도않은 알림이 뜨길래 데이터로도 바꿔보고! 휴대폰 다시시작도 해보고! 와이파이 재부팅도 해보고! 혹시 업데이트가 안됬는지 확인까지 했는데! ^^ ^^ ^^,1
185,Heejin Lee,2,2021년 8월 31일,"요즘 배달팁을 ""0원~""으로 보이게 설정해놓는 가게들이 너무 많습니다. 실제로 주문해보면 2천원에서 3천원 배달료가 더 붙고요. 그리고 0원~으로 설정된 가게들이 ""배달팁 낮은 순"" 정렬에서 상단에 노출되게 되어 있어 배달팁 낮은 순 정렬이 의미가 없는 것 같습니다. 배달팁을 0원은 아니지만 낮게 받는 가게들이 피해를 보는 것 같습니다. 소비자인 저도 너무 불편하네요.",2
186,Google 사용자,2,2020년 3월 17일,"다른 사용자분들처럼 리뷰작성시 사진이 안뜹니다. 사진 장수는 정확히 나오는데 사진이 안떠요. 핸드폰 자체 갤러리 사용중이고 클라우드나 드라이브는 사용하지 않고 있습니다. 설정 권한도 확인했고 앱 지우고도 다시 깔았습니다. 그래도 안됩니다. + 닉네임때문에 사진등록이 안된다구요??? 제 닉네임은 저기에 적으신 것 중에 해당되는 것 하나도 없습니다. 한글이고 특수문자, 공백없고 자음이나 모음만 입력되지도 않았습니다. 앱 자체 문제아닌가요..",2
187,박시은,1,2021년 6월 18일,너무 불편해졌어요 UI가 너무 난잡하구요 특히 옆으로 넘겨지는 부분에서 상단 이벤트배너를 슬라이드 하면 배달탭에서 포장탭으로 넘어간다던지 여러부분에서 불편한점이 많아졌네요 변경된 부분이 낯설어 적응할 부분도 있지만 많은 부분은 업데이트되면서 사용자의 편리함을 고려하지 않은 것 같습니다. 또 이전보다 앱이 무거워졌는지 많이 버벅되네요. 과유불급이라고 배고픈자들이 배달을 쉽게하려고 사용하는 앱이니만큼 간결하게 만들어 원래 목적을 잊지 않았으면 좋겠습니다.,1
188,Google 사용자,1,2022년 1월 20일,1. 같은 식당이 몇 건씩 올리는 것 2. 한 상호명이 식당 이름만 바꿔서 여러개 올리는 것 이 두가지 문제점 때문에 가뜩이나 보기 불편한 식당 목록이 그 숫자가 몇 배는 더 많아져서 더더욱 보기 불편함 개선 방안 1. 최신등록순으로 보기 기능이 무조건 필요함 2. 무조건 한 상호명 당 한 건씩만 등록할수 있게 바꿔야함 사용자를 위해서도 신규등록 업체를 위해서도 위 두 사항은 아직까지 실현되지 않은 것이 이상할만큼 선택이 아닌 필수사항임,1
189,Google 사용자,1,2019년 8월 11일,"다음부턴 앱에 문제가 있으면 !팝업공지!로 알려주시기 바랍니다. 고객이 주문전에 맨날 공지사항 확인하는것도 아니고, 평소처럼 주문결제 되는데 앱에 문제가 있는지 어떻게 압니까. 주문하고 주문내역 없어서 이상하다는걸 알았네요. 그리고 문제해결전까지 주문 다 막으셔야되는거 아닌가요? 어차피 앱주문결제해도 주문 안들어가는데 왜 결제는 되게 해두신건지.. 주문막는기능은 업주만 설정권한있나요? 아니면 돈 묶어두시는건가요? 저번이벤땐 문제없었던거같은데 이번엔 왜이러는지..",1
190,이정현,2,2021년 6월 14일,바뀐 인터페이스 너무 구려요. 할인이벤트도 잘 안보이고 찜 목록 들어가는 것도 몇 번이나 눌러서 들어가야 하고. 담아놓고 잠깐 다른 거 하면 그거 보려고 몇 번 클릭 거쳐야 하고. 익숙하지 않아서라기엔 그냥 너무 불편한데요.. 직관적이지도 않아서 더 헤매는 것 같아요. 이렇게 바뀔 거면 더 직관적이어야 하지 않았을까 싶어요. 구립니다. 배민에서 하는 옛날 번쩍배달 쿠폰이나 그런 건 끝난 건가요 아니면 그런 거 찾기 힘들게 하려고 밑으로 내려버린 건가요..? 전체적으로 정보 전달력도 떨어지고 사용감도 떨어져요. 왜 이렇게 바뀐 거죠..? 쓰다 보면 편해지려니 생각해 봐도 현재로선 그냥 구리고 불편하다는 생각만 듭니다.,2
191,Google 사용자,1,2019년 8월 16일,어플 사용자 편의성 업데이트 좀 하세요. 홈화면 하단에 검색 시스템 구색 맞추기 용이지 정말 쓰레기 같습니다. 타사 어플은 검색시 상점 내 메뉴까지 검색해줘요. 아니 그정도는 바라지도 않아 그냥 내가 입력한 키워드에 맞게 검색 결과를 좀 보여달라고요. 그게 어렵나. 그리고 리뷰에서 뭘 시켰는지 메뉴 좀 알 수 있게 보여줘봐요. 이걸 왜 안하는지 모르겠네. 메뉴를 뭘 시켰는지 알아야지 참고를 하지. 뭐 사진보고 땡입니까. 또 배달 예상시간도 도입하고요. 업계 1위라고 배짱장사하는 것도 아니고 이상한 배민 캐릭터 문방구 굿즈같은거 팔지 말고 어플 편의성 좀 고치세요. 메뉴 카테고리도 좀 다양하게 하고요. 진짜 vip이지만 어플 너무 쓰레기같네요.,1
192,Google 사용자,5,2019년 4월 27일,"잘 사용하고 있습니다. 그런데 개인적으로 메인화면에 검색아이콘이 바로 보였으면 하는 아쉬움이 있습니다. 처음에는 검색기능이 없는줄알고 불편하다 생각해서 앱을 쓰지 않았는데, 메인화면에서 아래로 내려보니 있더군요. 상단 우측에 돋보기 버츤 하나 있으면 편할 것 같다는 생각이 들었습니다.",5
193,이철형,1,2023년 1월 7일,아랫분과 같은 현상을 겪고 있습니다. 처음에는 검색이 안돼서 고객센터 안내에 따라 삭제 후 다시 설치하니 로그인이 안되더니 다시 삭제 후 재설치 하니 이번엔 아예 배민로고가 나온 화면에서 넘어가지 않습니다. 사용중인 폰은 갤럭시s20fe입니다. 애플리케이션 메뉴에서 캐시삭제 데이터 삭제 폰 껐다켜보기 다 해본 상태입니다.,1
194,"김인환,Eric Kim",2,2021년 8월 16일,"처음 사용 관련한 어떤 쿠폰도 다운로드가 되지 않네요. 10,000원 할인도 우리 동네 첫 포장 3,000원 모두요. 클릭하면 ""첫 주문시 사용 가능합니다"" 라고 뜨는데 결제화면에서는 쿠폰이 나오지 않습니다. 배 고파서 그냥 주문했네요. 답변을 주셨는데 불편한 내용이 명확히 전달이 되지 않은 것인지 답변이 질문 내용과는 다소 차이가 있는 듯 합니다. ""주문 전에 쿠폰 다운로드를 여러 차례 시도했으나 결국 다운로드가 되지 않아 포기""하고 그냥 주문했다는 의미입니다. 그러니 확인하시면 첫 주문이 쿠폰 사용전에 이뤄진 것으로 나오겠지요..",2
195,양재호 (Zaihao),5,2021년 2월 3일,"배달의 민족 어플 잘 쓰고있습니다. 간단한 요청사항 몇가지 적어봅니다. (건의사항) 각 배달 가게마다 요청사항 따로 저장이 있으면 좋을것 같습니다. 이것은 부과적인 욕심인부분이구, 각 가게마다 개인 메모를 할 수 있게 바꿔주시거나 추가해주시면 좋을 것 같습니다. 물론 찜 기능으로 구별은 하다만, 많은 가게를 여러 메뉴를 시켜먹다보면 따로 저장을 하거나 필기를 하는데 어플에서 바로 이용할 수 있게 각 가게 개인 메모기능을 추가해주셨으면 좋겠습니다!",5
196,Google 사용자,3,2018년 11월 24일,처음엔 신선하고 좋았는데 출시 몇년 되어가는데 아직도 초기 구성에서 벗어난게 없어보임. 다양함이 부족하고 랭킹이나 추천은 어느지역을 가도 배달하려면 거기서 거기인 느낌. 숨은 맛집 찾기도 힘들고 가게마다 특성을 볼 수 있을만한 장치도 없음. 기본만 하는 느낌.,3
197,Kibaek Kim,1,2023년 4월 18일,"메모리 부족으로 어플을 깔고 저장 위치를 외장 메모리로 옮겨놓았는데, 이번 업데이트로 인해 앱이 작동조차 안 합니다. 업데이트에 따라 이상없이 작동하는 경우도 있고, 이번처럼 작동조차 안 되는 경우가 있어서 불편하네요. - 위에 문제의 원인을 적어놓았는데, 불편사항을 정확하게 확인이 어렵다는 말이 무슨 뜻인가요? 핸드폰의 기본 메모리의 용량이 꽉 차서, 본 어플을 외장 메모리로 이동을 시켰더니, 어플이 아예 켜지지 않는다고 하는데, 불편사항 확인이 어렵나요?",1
198,우주,5,2023년 11월 25일,어플 덕분에 손 쉽게 음식 시켜먹고 잘 이용하고 있습니다. 몇몇의 가게 점주님들의 불친절한 태도에 상관이 없는 배달의 민족 회사가 가운데서 컴플레인을 겪어야하는 그런 현상이 빈번히 생기는 것 같습니다. 그래서 기능이 하나 추가되어 했으면 하는 바람에 리뷰 적어봅니다. 이용하기 싫은 가게(불친절한 가게) 차단 기능 있었으면 합니다. 검색해도 검색 결과에 노출이 안되게끔 하고 싶은데 이런 기능을 넣어주셨으면 하는 바람입니다. 감사합니다.,5
199,xojeexo,3,2024년 2월 1일,B마트 이용중인데 언제부턴가 전체선택 버튼이 비활성화되어있습니다. 장바구니에 있는것 중에 원하는걸 구매하려면 체크박스를 해제하면서 스크롤을 내려야하고 화면을 꾹 눌렀다 떼거나 터치를 잘못하면 페이지가 새로고침되고 선택한게 초기화됩니다. 결제 넘어가기전에 선택제품이 뭔지 한번 더 볼 수 있으면 좋겠어요.,3
200,Google 사용자,4,2019년 8월 25일,주문자가 어떤 메뉴를 주문하고 리뷰는 쓰는지 알 수 있다면 음식 메뉴 선택에 도움이 될것같아요 요기요 배달 앱은 주문자가 무엇을 주문했는지 양이나 맛이 어땟는지 구체적으로 ☆모양으로 체크하는 옵션이 있어서 다른 주문자가 참고하고 메뉴 선택할때 도움이 되더라구요 저는 늘 배민만 이용해서 이러한 옵션이 추가되면 훨씬 배민 사용자에게 좋을것 같더라구요~,4
201,화분 엘리베이터좋아!!이준서,5,2023년 11월 25일,"장점: 1.음식 주문할때 편하게 주문할수 있다. 2. 다양한 맛집들을 한눈에 보기 편하다. 3. 랙도 없고, 프레임이 부드럽다. 4. 쿠폰도 많다. 5 여러가지 할인도 한다. 단점: 1. 주문할때 다른음식으로 배송올때가 있다. 장점이 진짜많지만,단점도 고쳤으면 하네요. (아주 가끔씩 단점 1번 이니 별 5개)",5
202,orseus ra,1,2024년 4월 7일,"환경을 생각하는건 좋은데, UI업데이트 이후 일회용품 관련 옵션 선택을 위해 1뎁스 더 들어가야하고, 주문창에서 어떤 옵션을 선택했는지가 잘 안보여서, 음식이오면 편의점으로 일회용품을 사러가는 주기가 잦아지고있네요.",1
203,Google 사용자,4,2019년 2월 22일,배달되는 음식점은 매번 정해져 있었는데 이 앱을 이용하니 다양한 메뉴가 배달되어 좋네요. 결재도 간편하고 이용 평점이 있으니 선택에도 큰 도움이 됩니다. 다만 배달음식이라 어쩔수 없이 일회용 플라스틱 용기를 많이 쓰게 되어 참 안타까웠습니다. 한끼 편하게 먹자고 환경오염의 주범이 되어버린 것 같아 양심이 콕콕 아팠습니다.,4
204,꿀꿀꿀,5,2022년 9월 30일,특정 가게 차단 기능은 없나요? 한번 시켰다가 맛 없어서 다시 안시켜야지 하고 생각했다가 시간 지나고 잊어버려서 다시 주문하고 또 다시 맛 없어서 후회한 가게들이 몇 있었는데 특정가게 차단 기능도 있었으면 좋겠네요,5
205,Google 사용자,5,2019년 3월 24일,"깔끔한 인터페이스와 업체수로 올킬! 여러 배달 어플들이 있지만 배민에만 손이 가네요. 하나 아쉬운 점이 있다면 메뉴 부분인데요, 메뉴탭 슬라이드 하다보면 오른쪽에 분류(?)란이 떴다 빠르게 사라지는데 조금 더 오래 유지되면 좋을 것 같아요. 그 외에는 모두 만족! 잘 쓰고 있습니다^^",5
206,shsh j,1,2023년 12월 18일,"배민에서 음식을 시키면 사행성 랜덤뽑기임. 무슨 메뉴가 올지 모름. 1. 상황 1) 메뉴 사진에는 딸기가 포함되어 있음. 2) 메뉴 구성 설명에는 ""제철 과일 특성상 변동될 수 있다"" 라고 적혀 있지, 정확히 주문 시 포함되는 구성이 적혀있지 않음 3) 그런데 딸기는 겨울의 제철과일임. 4) 제철과일인 딸기가 누락된 채로 메뉴 수령함 2. 나의 주장 1) 위에 ""상황"" 에 따라서 딸기가 포함되어 있지 않는 것은 마치 음식 구성품을 '사행성 랜덤 뽑기'와 같이 받는 것과 다를 바 없다고 생각함. 2) 메뉴 수정에 대해 요청하였으나 배민에서는 스토어의 메뉴에 대해 별도 제제가 불가능하다 답변함 3) 배민에서 제제가 불가능하면, 스토어가 부적절한 이미지, 사외석&젠더 이슈가 되는 단어를 기재해도 제재가 불가능하냐고 묻자, 그제서야 정책상 어려운 메뉴는 등록을 하고 있다 답변 함.",1
207,Google 사용자,4,2019년 12월 13일,배민 앱 잘 쓰고 있어요~ 찜 기능이 있어서 편하긴한데 찜한 매장에 관해서 즐겨먹는 메뉴라던지 입에 맞지 않는 메뉴라던지 내가 간단히 메모 할 수 있는 기능이 추가 되었음 좋겠어요. 입에 맞지 않는 음식은 안시켜야지 하다가 한참 뒤에 잊고 다시 배달시켜먹는 경우가 종종있어요..,4
208,이종무,2,2024년 4월 14일,"이번에 바뀐 주문하기 UI에 문제가 많은 것 같습니다. 요청사항을 쓰는 란에 60 제한도 걸어져있지 않아 소비자가 스스로 직접 60자가 넘었는지 확인하면서 작성해야 하고, 이전처럼 글을 쓰다 다른 부분을 쓰려 할때도 글을 밀지 못해 불편감이 증가했구요. 빠른 수정이 필요할 것 같습니다.",2
209,찐텐,5,2021년 9월 25일,"내 지갑털이범 같으니라고. 배민 만나고 내 지갑이 멀쩡한 날이 없어요 증말! 개인적인 건의사항 있어서 리뷰씁니다. 가게 주인에게 보이지않는 맛메모할 수 있는 칸이 있으면 좋겠어용ㅎㅎ어떤 가게 어떤 음식이 맛있었고, 별로였고 어떻게 시키는게 나았고, 무슨 메뉴조합은 별로였고 이런식으로요! 맛있는 가게였는데 일부 메뉴는 별로였거나 할때 잊어버리고 또 시키고 실패하고.. 메모장에 쓰는것도 한계라ㅜㅜ실패없이 맛난 음식 먹고싶어용!ㅎㅎ",5
210,쪼망이,5,2023년 2월 22일,내가 주문했던 과거목록에서도 검색기능이 있었으면 좋겠어요.. 분명 이 가게에 시킨 기억은 있는데 뭘시켰고 맛있게 먹은게 맞는지 알고싶은데 찾기가 너무 어렵네요.. 먹던 메뉴도 검색가능했으면 좋겠어요! 예를 들면 곱창 을 치면 과거에 시킨 곱창목록이 뜨거나 혹은 가게 리뷰창에 내리뷰보기 가 있어도 좋을거같아요 :),5
211,Google 사용자,2,2018년 11월 5일,주소 입력이 안되어서 열받았습니다. 고쳐주세요. + 수동으로 입력 했는데도 안되어서 이런 리뷰를 남긴겁니다 ㅜㅜ 피드백 빠르시네요 ..ㅜㅜ 다른거 다 너무좋았는데 제일 중요한 주소지 등록이 안되어서 정말 화났었어요. 근처에 다른 상징적인 건물로 대신 설정하고 제가 직접 받으러 갔다올 뻔했거든요. 기사님이 요청사항 보고 찾아와주셔서 다행이죠.. 배달앱이 집까지 와주는게 좋은점인거잖아요.. 주소지 입력안되면 배달앱 사용할 이유가 없죠. 개발자님 기분상하지 않으셨으면 좋겠네요 ㅠ,2
212,Google 사용자,5,2019년 6월 3일,너무 편하고 좋아요 그런데 한가지 건의사항이 있어요! 검색 기능이 추가로 생기면 좋겠어요 1인분 배달가능업체나 최소주문금액 얼마 이하 이렇게 설정하고 검색할 수 있게 했으면 좋겠습니다. 혼자사는데 1인분 가능 배달집을 찾기가 힘들어서 이렇게 건의해요!!,5
213,아가름,2,2023년 2월 2일,"잘 쓰고 있다가 갑자기 업데이트 아님 종료의 이지선다를 내놓고 정작 업데이트 하러 스토어 들어오면 제거, 열기 밖에 없어서 업데이트를 못 하네요. 제거하고 다시 설치해도 똑같네요. 갑자기 못 쓰게 하면 어떡합니까",2
214,Iris.s,1,2021년 12월 23일,주문취소버튼도 없어서 잘못했을때 바로 취소하고 싶으면 따로 업체에 전화해야 한다는 점이 너무 불편합니다. 최소금액도 너무 높고 배달료도 시켜먹지 말라고 하는건지 높게 측정되어 있는 가게도 너무 많아요. 배달료는 편의를 위한 비용이라고 생각해서 감안했는데 여기서 배달료 더 오르면 그냥 배달 안시키고 집 주변에서 사먹으려고요.,1
215,김휘호,1,2021년 3월 30일,시키는 입장에서 가장 중요한건 편리함이라 생각합니다. 배민 앱과 요기요 앱을 사용해보면 거기서 심한 차이가 보이더군요. 카드 비번 누르는 화면에서 배민은 그게 끝나고도 다른걸 더 눌러야하더군요. 왜 이렇게 복잡한거죠? 요기요에서는 카드 비번 입력이면 비로 주문이 되는데 굳이 이런 방식을 해야했나싶네요,1
216,박승원,1,2020년 7월 24일,이 앱의 목적은 손님과 음식점의 다리역활 아닌가요? 근데 다리를 만들더니 통행세를 받고 통행세를 만들더니 차단기를 달고 차단기를 달더니 경비까지 배치하는거 같은 기분이 드는건 왜일까요? 배달음식을 편리하게 접하는건 손님과 점주 모두가 되야됩니다. 이건 편리인가요 정치질인가요,1
217,Google 사용자,2,2019년 4월 14일,이용이 간편해서 대부분 배민만 사용했었는데 얼마 전 업데이트 후부터는 일정시간대에 앱 주문이 안되고 전화주문만 되는군요. 업체에게 좋은 기능인지 뭔지는 모르겠지만 소비자입장으로서는 불편하기만하고 딱히 배민을 쓸 이유가 없어졌습니다. 어차피 전화로 주문할꺼면 찌라시도 충분하고 쿠폰도 넘쳐나니까요. 하루 빨리 수정이 되었으면 좋겠네요.,2
218,Google 사용자,1,2019년 4월 25일,"선착순이벤트 피해자입니다.밑에 결제취소된분들은 운이좋은겁니다.저는 결제시 결제카드옆에 3000원할인있는거보고,결제진행했는데,결제하고보니 할인안되서 연락바로했는데,결제하는사이에 선착순이다된거같다고매장에서 음식준비들어갔다고 취소도안된다고 하더라고요.담당자가연락준다고했는데,연락안왔네요. 이건 이벤트가 아니라 장난질같네요.",1
219,Google 사용자,2,2020년 4월 17일,여태까지 잘 써왔고 쿠폰이나 배민페이 등 다양한 혜택도 있어서 좋았는데 개선 요청 드릴게 있어 리뷰 남깁니다. 주문 기능 중에 예약시간 기능이 있어서 해당 기능을 사용하였지만 점주분께서 이를 인지하지 못하시고 (보통 요청사항만 확인한다고 하십니다) 예약한 시간보다 훨씬 일찍 도착했습니다.. 회사에서 시킨거라 먼저 먹지도 못하고 일찍 받기만 했는데 만약 예약시간을 지정했을 경우 영수증 등에 정확히 볼 수 있도록 명시 바랍니다 (요청사항에 추가되는 등),2
220,Google 사용자,1,2019년 8월 11일,"배달시키려고 하는데 장바구니 상태에서 오류나서 결제가 안 되는 상태가 30분째 지속되네요. 저만 그런게 아니고 옆에 여친도 같이 시도하고 있는데 계속 이 상태구요. 어플을 다시 깔아도 안 되구요. 배달음식 주문집중시간에 과부하가 걸리는 건가 싶은데, 이런 시간대에도 원활하게 어플이 돌아가게 운용하는게 당연한거 아닌가요?",1
221,강알,2,2021년 8월 17일,평소애 잘 이용을 하고 있었는데. 오늘 이용을 할려고 하니 결제중이라고 계속 나오면서 결제가 안됩니다. 카카오페이에서는 결제가 되었는데 이 앱에서는 결제가 안되고 매장에도 주문이 안들어간 상태더라구요. 이걸로 밥도 못먹고 6만원이 넘는 돈이 어디로 간지도 모르겠습니다. 해결 부탁드립니다. 고객센터는 전화를 안받더군요,2
222,레이몬드현식,1,2020년 9월 13일,"포장메뉴가 불편합니다. 전처럼 지도로 전체 표기되어있어야지 주소지가 아니여도 딴데 지나가다가도 포장하고이랬는데 주소지 근처 목록만 표시되니까 근처만 포장되고 너무답답하네요 목록과 전처럼 지도로 병기해주세요. 지금은 클릭하면 그집 지도만 보이고 답답하네요.. 거리를보고 포장하는건데 목록만되어있으면 일일이 클릭해서 거리쟤고 이런게 너무불편해요 직접가는건 동선거리,,한계가있는데요",1
223,Google 사용자,5,2019년 2월 9일,요기요만 쓰다가 깔아서 써보는데 식당은 더 많아서 좋은데 메뉴별 사진은 안떠서 아쉽네요 주문시 메뉴 사진으로도 결정 하기도 하거든요 메인 사진 뿐 아니라 메뉴 사진도 고려 해주세요 식당들은 많아서 선택의 폭은 조금 더 넓네요 의견 반영 한다고 개발 될지는 모르겠네요 ㅎ 개발팀에 전달 되지도 않을지도.. ㅎ,5
224,먘,5,2024년 8월 19일,"정말 잘 쓰고 있는 앱입니다. 다만 아쉬웠던 건 찜 목록의 카테고리에 따른 분류입니다. 가게에 찜을 많이 해둔 경우 찾기가 힘들어요. 그래서 찜부분을 카테고리에 따라 전체, 한식, 중식, 일식 등 분리가 가능했으면 좋겠습니다:) 나머지는 정말 완벽하고 잘 쓰고있어요!",5
225,Inho Lee,4,2024년 1월 7일,특정 지역이 특수한 사유로 배달이 불가능해지면 알려주는 기능이 있으면 좋겠습니다. 약속까지 잡아놓고 돈 모아서 배달 신청했는데 대뜸 '아 우린 못간다'라고 통보 형식으로 취소시키면 어떡합니까. (설령 기능이 있었다고 해도 구석에 박아놓고 사용자들이 알아서 찾아 보라는 것도 말이 안됩니다. 식당에 직접 연락해서 배달해주시는 분들이 해당 지역 배달은 위험해서 취소기킨다는걸 들었습니다. 이걸 식당 사장님한테 전화해서 알아야하는 정보는 아닌거 같습니다.,4
226,Google 사용자,1,2019년 4월 15일,왠만하면 리뷰 잘 안남기는데 이렇게 남겨드립니다.일주일에 2~3번 정도 이용합니다.이번에 처음으로 치킨 이벤트해서 도전했는데 5시에 땡 하자마자 도전 했는데 쿠폰은 발급 받았으나 바로주문하니 대기 인원수가 21000명에서 25000명으로 바뀌고 그래도 몰라서 대기하니 인터넷이 원활하지 않다고 나오구요 화면이 안 넘어가는건 기본이고 혹시나 몰라서 폰이 조금 느리거나 그런것도 아닙니다.갤럭시s10 쓰구요 선착순 결제 많이 해봤습니다. 여기보다 더 치열한 나이키나 다른사이트 도 이용해보았는데 여기는 선착순 하기에는 문제가 많네요 무조건 싸게해서 홍보보다는 제대로 인터넷이나 시스템에 대한 구축을 하시구 이벤트 하셨으면 합니다.,1
227,장수원,1,2024년 2월 26일,난 이 앱이 싫다. 배달을 하려면 은근슬쩍 수수료를 더 챙기고 배다료도 더 내는 배민 배달로 유도하는 UI 뭔가 이벤트를 많이 하는 것 같지만 딱히 실속은 없는 프로모션 없다시피한 혜택 등등.... 그런데 다른 앱은 안올라온 곳이 많아서 어쩔 수 없이 사용해야 한다. 슬프라.,1
228,See All (All see),3,2021년 10월 6일,잘 쓰고 있습니다. 하지만 여러 기능이 추가 되었음 합니다. 밑에 분 글 내용처럼 배달팁 낮은 순배열 점주들이 꼼수 쓰지 않게 부탁드리고 가게 오픈 시간 별 필터도 추가 되었음 합니다. 신규 업소도 따로 볼 수 있었음 합니다. 같은 가게들이 중복되어서 신규업소나 다른 곳이 안보이기도 합니다.,3
229,Summer Lee,2,2020년 9월 13일,"배민오더 업데이트 이전에는 지도로 볼 수 있었는데, 일반 배달이랑 똑같이 변경된 거 너무 불편해요ㅠㅠ 이전처럼 지도로도 볼 수 있게해주세요, 포장해서 가져가는거라 위치확인도 중요한데 너무너무 불편해졌어요ㅠㅠ!!",2
230,hanson Lee,2,2024년 2월 24일,"한집배달과 알뜰배달이 나온 뒤로 같은 지점의 가게만 일반배달과 (한집,알뜰)로 두개가 검색되다보니, 가게를 둘러보기가 힘들어져 사용이 불편함. 알뜰배달도 이름만 알뜰이지 싸지도 않고 기사들이 배정받는 것을 기피하면서 배달만 느려짐. 관리가 안되니 있는 것만 못한 상황",2
231,정기성,5,2021년 5월 9일,잘쓰고 맛있는고 잘먹고 있습니다. 한가지 아쉬운 점은 예전엔 그렇지 않았는데 요즘 리뷰쓰기에서 키보드 자판이 있는 상태에서 리뷰완료 버튼이 아예 뜨질 않고 있습니다. 창을 내렸다가 휴대폰 바탕화면이 나오게 한 후 다시 들어가면 자연스럽게 키보드자판이 사라지면서 리뷰완료버튼이 뜨긴하지만 이를 인지못하는 사용자분들의 경우 굳이 이런 번거러움을 감안하지 않으려 할 경우 배달의 민족 리뷰쓰는 횟수가 자연스럽게 줄 듯 싶습니다. 리뷰글창 글 완료후 나머지 메뉴엄지척 버튼이나 배달 만족 버튼을 눌러도 키보드자판화면은 사라지지 않습니다. 제 폰은 엘지 V50입니다. 시스템 조정시 참고하시면 좋을 듯 합니다. 번창하세요~^^,5
232,TaeHoon Park,4,2023년 1월 15일,와이파이 접속상태일 경우에는 배민 어플이 접속이 안되고 첫화면에서 멈춰있어요. 데이터로 변경하고 접속하면 정상이고요. 원래 이렇게 제작이 된건가요? 아니면 버그일까요?,4
233,바보개미,1,2020년 11월 20일,왜 토스 결제는 안되죠? 토스로 결제하기 선택하니 무한 로딩만 하네요. 토스프라임 혜택 2퍼할인은 아무 의미도 없어졌네요 덕분에 다른건 다 잘되고 토스만 안되던데요. 데이터사용중이었고 카카오페이는 잘 되던데 말이죠. 인터넷 문제라고 책임회피하지말고 어플에 문제가 없나 확인하는게 맞는것 같습니다.,1
234,Google 사용자,1,2018년 10월 20일,하다가 폰던졌습니다. 카드주문하려고 앱 2개나 깔았는데도 결제 안 됌. 등록하기?인가 그 버튼이 안 눌러져요!!!!!40분동안 결제하려고 다른폰으로도 해보고 카드도 바꿨는데 빡쳐서 현금결제합니다. 쿠폰 받으면 뭐해 쓰질 못하는데!!!!!!40분동안 뻘짓했다. 처음 결제시 4000원할인해준다길래 40분동안 고군분투했는데 결국 쿠폰도 못쓰고 날리네. 개빡쳐서 이번만 시키고 배민 삭제할거임. 배민 다신 안써; 아 다시생각해도 빡친다 배고파 디지겠네,1
235,김민수,2,2023년 4월 15일,결제취소 부분이 너무 어려워요 전화를 하지 않고 결제 취소를 할 수 있게 개선해 주세요~ 주문하자 마자 거의 바로 대기상태가 넘가는 경우가 많습니다. 그래서 어쩔 수 없이 거의 바로 가게에 전화를 하면 취소가 불가능하다고 하는 경우가 종종 있습니다 개선해 주세요,2
236,차만다,1,2024년 11월 9일,"B마트로 주문한 제품 오배송 되었음 -> 채팅 상담 문의함 -> 배달완료 사진도 없이 앱알림만와서 어떻게 된일인지 물어보니 상담사도 '모른다'는 답변으로 시작해서 상담 과정 전반적으로 '확인 어렵다.' '확답 어렵다.'는 답변 반복... 제품 오배송 되는것은 당연히 있을수 있는 일이라고 생각하지만, 불편을 겪은 고객은 더 세심하게 케어해야 한다고 생각하는데 이탈을 고민하는 고객에게 이탈을 결정하도록 만드는 후속조치는 참 아쉽습니다.. 예전에는 배민 좋아하던 유저 중 한명이었는데, 왜 타 서비스로 넘어가게 되었는지 잊고 있었던 이유를 다시 깨닫게 해준 경험이었습니다... 결국 재배송 하기로 하였지만 재배달은 앱에서 확인할수 없다고 하여, 올지 안올지도 모르는 상황으로 기다리고만 있는 상황으로 종결..(환불은 상품 회수 조치후 해준다는데, 받지도 못한 상품 & 라이더는 부재중인 상태에서 환불이 더 오래 걸릴것 같아 재배달로 처리함..)",1
237,하에,4,2021년 10월 30일,배달의 민족을 잘 이용하고있습니다! 모두 친절하구요! 그런데 예전에는 리뷰를 올리면 사장님이 답글을 달기 전이나 3일 전까지 수정과 삭제 후 재업로드가 됐던 것으로 기억하는데 안되는 걸로 바뀐 것 같네요! 사장님이 답글을 달기 전까지 재업로드를 가능하게 해주실 수 있나요? '사장님만 보이게'에 체크를 안한 것 같아서 수정에 들어갔지만 뜨지 않아서 삭제 후 다시 적으려 했더니 절대 삭제 후 적을 수 없다고 하네요.,4
238,Jay Song,5,2021년 9월 25일,큰 불만없이 이용중.. 입니다 예전엔 할인이벤트? 같은게 별로 없어서 배민은 참 Jonnnnest 영리기업^^ 이득충^^이구나 싶엇는데 혜택 잘 결합한 것들.. 머머 다양하게 있는거같구요 제안하고싶은건 검색한 리스트에서 (ex.키워드 보쌈) 식당 위치를 배달지 기준으로 지도에서 한눈에 볼 수 있다면 좋겠습니다 정비례는 아니더라도 대강 배달비 작게 나오고 빨리올/편히 포장받아갈 가까운집 선택할수도있고ㅡ 센스있게 옆에 평점도 조그맣게 같이 뜨면 선택에 더 유용하겠져?ㅡ 감사합니당,5
239,Google 사용자,4,2019년 9월 7일,"요즘은 배달팁이 있어서 맛있더라도 그냥집근처가게를 이용하고싶은데 추천가게들이 먼저떠서 가게가 내현위치의 거리순으로도 보였으면 좋겠고, 요즘 주방등이 더러운곳도 많다는데 내부모습도 찍어서 올리는것도 했으면 좋겠습니다",4
240,서혜란,5,2021년 12월 12일,역시 우리는 배달의 민족!!잘사용하고 있습니당~다만 1가지 기능이 추가되면 더욱 완벽할것같아 말씀드리려구용~주문내역에서 검색기능도 있었으면 좋겠어요ㅜ과거에 시켰던 곳이 맛있어 키워드로 검색하고 싶어도 기능이 없으니 일일이 찾아봐야하는점이 아쉽네요ㅜ배달을 별도 안시켜먹었다면 쉽게 찾을수있겠지만 자주시켜먹는 사람에게는 데이터가 많아 찾는것도 일이더라구요ㅜㅠ부탁드립니다~~,5
241,뚜기,1,2024년 10월 13일,"Ui가 너무 ...너무...안 좋습니다 이전 버전이 더 낫습니다 20년 전 배달 종이 책자 같고요 정말 가독성이 매우매우 떨어지고 불편합니다 음식점 이름,평점, 별점보기도 바쁜데 음식 사진이랑 메뉴까지 있어서 눈이 피로하고 정보도 잘 안 들어옵니다 피곤해서 이용을 안하게 되네요 원래 이렇게 후기 남기지 않는데 남겨봅니다",1
242,전유진,5,2020년 7월 30일,"좋아요. 근데 옵션에 몇시까지하는지 볼수있는게 있었으면 좋겠어요. 새벽이나 아침, 늦은 밤에 주문하려고 미리 볼때 그런 옵션이 없으니까 하나하나 들어가서 시간체크를 해야돼서 그부분이 추가됐으면 좋겠네요. 예를들어 오픈 빠른순, 마감 느린순 이런게 있으면 훨씬편할것 같아요.",5
243,선영,1,2024년 6월 22일,"UI 관련 리뷰가 종종 있는 것 같은데 현금영수증 발급때문에 불편을 여러번 겪었습니다. 가게배달로 배달시킬 경우에는 현금영수증을 가게에 직접 문의해서 받아야만 되는 거였다면 결제할 때 현금영수증 신청 칸은 왜 있는걸까요? 안내도 안되어있고요. 분명 신청을 눌렀는데 안됐길래 고객센터로 연락하니 배민에는 신청 기록이 없다고만 하고.. 그럼 제가 신청한 걸 앱에서 씹은거나 다름없지 않나요? 며칠 기다려보고 현금영수증 보기 버튼이 뜨는지 확인한 다음에 다시 연락달라고만 해서 그렇게 계속 안뜨길래 몇번 다시 연락했는데, 그제야 고객센터가 가게배달은 가게에서 직접 받아야 된다고 얘기하지 않나. 그래서 가게에 연락해보면 발급 안된다고 말이 다르고. 현금영수증 하나 해결이 안되서 거진 몇주를 스트레스받으며 메여있는지 모르겠네요.",1
244,Google 사용자,3,2019년 4월 19일,"요기요 보다 혜택도 적고, 쿠폰도 적고.. 음식집 중류도 적어요.. 식당마다 배달료가 포함돼 있는 곳도 있고, 선택해야하는 곳도 있고.. 아무래도 현찰 남기려고 하는 사장들 때문인 것 같네요.. 몇천원 더 남겨서 떼먹으려는 사장들... 국세청에... 확... 그리고 가게별로 장바구니에 보관할 순 없나요?? 처음 가게 상품을 장바구니에 넣었다가, 다른 가게 제품을 장바구니에 넣었더니 이전 제품이 사라지더라고요..",3
245,Google 사용자,5,2020년 3월 9일,바로결제가 있어 좋은데 배민페이로 결제가능한 카드종류가 한정적이라 사용을 못해 아쉬워요. 주문결제하기전에 주소 변경할 수 있는 기능이 있으면 좋겠어요. 결제주문하려다 주소변경하려면 주문창나가고 뒤로가기 여러번해야하는 번거로움이 너무 커요ㅠ 그리고 주문결제후 가게에서 주문접수하기 직전까지 주소변경도 할 수 있는 기능이 된다면 더 바랄게 없을 것 같아요. 이를테면 쿠* 업체에서 주문결제후 배송직전까지 주소지변경이 가능하거든요.,5
246,Jeeyun Shim,1,2024년 6월 22일,"한집배달했는데 기사가 잡히고 나서 왜 지도상에 정상적으로 안 잡힐 때가 많은 겁니까? 예전엔 이런 적 없었는데, 점점 기사가 뱅뱅 도는 건지, 가게에서 픽업 후 뱅뱅 돕니다. 허튼 방향으로요. 그리고 새로고침이 잘 안 되는 것 같네요.",1
247,jjul,1,2024년 2월 21일,응대수준 심각하네요. 문의량이 많다는 이유로 접수도 못하게하나? 예정시간에 도착을 안하면 적어도 취소라도 하게 해야죠. 전화도 안되고 채팅도 안되면 이런 문제상황이 발생했을때 어떻게 대처하려고 그러시나 배민 수준 점점 떨어지는게 보이네요. 앞으로는 이용 안할 생각입니다,1
248,ty ya,1,2021년 6월 16일,업데이트 하고나서 번쩍배달때는 있던 리뷰이벵관련이나 사장님 말 이런 멘트가 배달1에서는 하나도 안보여요 완전 엉망이에요 이전 버전으로 돌아가게 해주세요 예를 들면 번쩍배달은 메뉴위에 사장님들이 리뷰 이벤트얘기를 써놨어요 근데 업뎃하면 메뉴설명/이벵관련글들이 하나도 없어요 메뉴만 보이는 바람에ㅠ번쩍배달 메뉴판 위에 사장님들이 글 쓰는 경우도 많아요 그런게 하나도 안보이면 리뷰참여나 주요공지 놓칠 수 있어요ㅠㅠ,1
249,강선경,3,2022년 12월 10일,주문내역에서 검색하기 기능이 있었으면 좋겠어요! 갑자기 생각나서 예전에 먹었던 가게나 메뉴가 뭐였는지 찾아보려면 스크롤 한참 내려야하고 언제 먹었는지 생각도 안나서 잘 찾기도 힘들고... 개선해주세요!,3
250,김영재,1,2021년 8월 25일,폰의 취소버튼(뒤로가기) 누르면 앱이 왜 종료 안되는건가요? 수정해주세요.. 그리고 콜이 너무 안들어오네요..일반자전거로 하는데 콜이 들어와도 일반자전거로 시간안에 배달하기 힘든 거리이거나 고지대에 있는곳이 너무많이 들어와서 대부분 취소하게 되는데.. 제발 AI 답게 운송수단에 맞는콜을 주면좋겠네요..,1
251,JINO,4,2020년 12월 25일,리뷰남기면 주문한 메뉴의 상세적인 정보가 입력되도록 업데이트 안될까요? 리뷰를 보고 주문을 하는 경우가 저뿐만 아니라 많은 사람들이 마찬가지라 생각됩니다. 하지만 현재 큰메뉴 안에서 상세적인 부분또한 명시가 되어진다면 앞으로 배민을 사용하는 부분에 있어 큰 이점이 될 거라 생각됩니다. 어려운 코딩이 들어가는것도 아닌 외주를 맡겨도 빠른 시간내에 적용할 수 있는 부분이라 생각됩니다.,4
252,우치하사스케,3,2022년 3월 25일,요기요 처럼 메뉴별로 바로바로 리뷰를 볼수있었으면 좋겠슴다. 냉정히 매출1위라고는하나 어플 시스템적면에서 요기요 어플에비해 심하게 밀리네요 처음음식시킬때 메뉴별리뷰가 있으면 참고하기 참쉽거든요. 이게 기술적도입이 가능할진 모르겠지만요,3
253,이MJ,1,2021년 6월 15일,저번에도 남겼는데 메뉴검색말고도 리뷰에서도 그메뉴에대한 검색을 하고싶어요 궁금해서 리뷰를보는건데 그메뉴가 어디에 작성돼있는지모르니 계속글을 유심히 주의깊게봐야하는불편함이있어요 내가원하는메뉴를 메뉴에서검색할수있듯이 리뷰에서도 그메뉴가 어떻게구성되어나오는지와어떤맛인지 궁금하니 따로 리뷰메뉴검색할수있게해주시면감사해요 그리고 업뎃이 순차적으로된다던데 저는도대체 언제됩니까??? 이러다 다음 업뎃때나 되는건아닐런지요!!! 그리고 배민들어가서 총메뉴검색할때 왜 클릭하고 또 클릭해야 검색할수있게합니까??? 그거검색하려고 검색창눌렀음 바로검색할수있게 자판이보여지게 예전엔 됐는데 왜 더 불편하게바뀐거냐고요 갈수록 편리해져야지 갈수록 불편하게하는건 뭔지참~ 배달료 너무비쌉니다 타 앱과 너무차이나요 배민이 업계상위권인건 알겠고 서비스도 좋다는것도알지만 배달료가 웬만한 김밥보다비싸요 너무 이득만챙기려고 하지마세요 보기안좋습니다,1
254,Google 사용자,2,2019년 4월 14일,"장점: 1. 서비스 하는 가게 종류가 많아서 좋다. 2. 인터페이스가 깔끔하다. 그래서 다른 곳으로 안가고 계속 쓰는 중이다. 단점: 1. 업계 1위를 먹어서인지 할인이라곤 선착순 또는 500~1000원 할인해주는 짤짤이 할인 뿐이다. 거기에 옛날 블랙 등급이 있던 시절엔 5천원 할인권으로 한방에 통크게 줘서 좋았는데 어느 순간 3천원, 2천원으로 쪼개지더니 이젠 더 가관이되었다. 2. 타 업체랑 달리 매번 선착순 이벤트만 고집해서 서버 터지는 이벤트는 덤으로 열어준다. 지금도 주문창의 참고사항에 글 쓰다가 벌써 5번째 메뉴 선택 창으로 팅겼다.",2
255,슈슈,1,2021년 7월 6일,11.1.1 버전 업데이트 진짜 별로입니다 여러가지 있지만 무엇보다 메인화면에서 하단메뉴 없앤 게 최악입니다 찜한 가게 위주로 주문하는데 매번 한단계 더 들어가야 하니 진짜 불편합니다 그리고 페이지들이 난잡하고 정신 사나워요 음식 이미지들 덕지덕지 있는 거 사람들 별로 안 좋아합니다 스크롤 양만 엄청 늘잖아요 네이버 같은 포탈을 봐도 심플을 추구하는 쪽으로 가는데 여긴 거꾸로 가네요 서비스가 많아질수록 심플하고 직관적으로 가야 합니다 그리고 요기요처럼 메뉴에서 해당 메뉴의 리뷰들로 직접 연결되는 기능과 리뷰에서 주문옵션 볼 수 있는 기능 좀 만들어주세요 요기요에서는 원하는 메뉴만의 리뷰들 모음으로 바로 갈 수 있어 리뷰 페이지 전체를 뒤지지 않아도 되니 편하고 리뷰에서 주문옵션을 볼 수 있어서 저게 짜짱면 보통인지 곱빼기인지 광어회 소자인지 중자인지 등 주문상황을 정확히 확인할 수 있어 많은 참고가 됩니다,1
256,Google 사용자,1,2019년 4월 17일,요기요는 늦어도 음식은 보내줬는데 여긴 4시간이 지나도 음식점에 전화를 해도 무소식이고 배민 고객센터에 전화해도 함흥차사고 진짜 답이 없네요. --답변후 추가내용-- 고객센터 전화로는 해결되지 않았고 음식점 주문이 어느정도 정리됐을때 전화해서 메뉴 알려주고 결국 7시간만에 음식받았네요. 주문이 천건이 넘었었다는데 배민이나 음식점의 사전준비가 미흡했던것 같습니다. 아직 이벤트가 3일 남았는데 경쟁사보다는 좋은 모습 보여주시길 응원하겠습니다.,1
257,仁俊,1,2021년 8월 3일,업데이트된거 디자인 너무 불편해요. 배민1 부분에서 음식점 둘러보는데 빨리 한거번에 여러음식점 종류 보는게 관건인데.. 이건 뭐;; 음식점 소개 칸이 너무 크니까 스크롤할때 정신없고 손아프고요. 공간 낭비심해요. 전처럼 한번에 여러개 음식 볼수있게해주새요 짜증나요.. 아니 배고플때 간단하게 여러 음식점 봐야하는데 진짜 불편하고 이상해요.,1
258,김동우,1,2021년 5월 5일,선물하기 상품권이 제약이 너무많아요 예전에도 다른폰으로 유사한 내용을 요청하였는데 여전히 업데이트가 안되네요 일부금액 사용하기도 안되고 상품권이랑 매장쿠폰을 같이 쓰려면 오류나 사용하기가 너무어렵네요.그럴꺼면 상품권을 선물해서 쓰는 이유가 없어보여요. 상품권을 금액권으로 팔았으면 내가 원하는 금액만 결제하고 다른 복합결제가 가능하도록 빠른 시간내 업데이트 부탁드립니다.,1
259,장희선,1,2021년 6월 26일,ㅊ첫화면 왜이래요 진짜? 배달 누르고 한번 더 배달을 눌러야되는 번거로움이 있고 배달 빠른 배달이라고 하는데 기사님 일반분이셔서 5분이먄 올거리를 20분걸리고 저녁10시 이후에는 기사님 배정도 안되더라고요? 전에 화면이 편해요 다시 바꿔주세요 많은 사람들이 희망하면 바꿔주셔야되는거 아닌가여?,1
260,v bb,4,2023년 4월 13일,"결제방식 중에 카카오페이, 페이코를 지원하면서 포인트 결제는 안 되네요. 네이버페이만 포인트 결제가 됩니다. 그리고 배달보다는 포장 쪽 쿠폰이 더 좋아서 포장으로만 이용하는데 가게에서 안 좋아합니다. 어차피 직접 매장에 오기 때문에 현장 결제를 좋아합니다. 가게 입장에서 배달이야 어쩔 수 없으니 감수하는 겁니다.",4
261,Myung-Soo Park (ParkLRain),1,2020년 9월 10일,뭐하자는겁니까? 배민오더 지도 어디다 가져다 버렸나요? 업데이트로 목록으로 보게 바꿨으면 다시 지도로 들어가는 메뉴도 만들어놔야할것 아닙니까? 제가 못찾았나 하고 10분을 넘게 앱을 뒤져보고 있는데 배인오더 가게 지도가 안보이네요. 지도로 들어가서 옆동에 있는 가게에서 포장해서 가져오려고 하는데 안보여서 주문을 할 수가 없네요. 설마 옆동 주소로 바꿔서 주문하라는건가요? 원래대로 돌려놓던지 지도버튼을 넣던지 빨리 해결바랍니다. 밥 시켜 먹으려다 어이가 없네요.,1
262,Hy1124 P,4,2023년 6월 10일,"후기 전화 대신 어플로 편하게 주문 가능한건 장점이예요. 하지만 높아지는 배달비 +등급별로 우대하는 제도 이건 꼭 개편 해주셨으면 좋겠어요. 물론 배달기사님께서도 연료비 나가겠지만 고객입장에서 바라볼때 적게 주문하거나 많이 주문하거나 별로 차이가 없어보여요 가끔 1,000원짜리 2장정도 주시니까요.",4
263,Youl j,1,2021년 7월 2일,배민 초기부터 사용했던 1인으로써 바뀌기전이 훨씬 낫네요 요즘 쓰기 너무 불편해서 그만쓰고 싶을정도로 답답해요.. 먹던 메뉴만 자주 먹는편이라 주문내역에 들어가서 찾아 먹는데.. 주문내역 여러창으로 바뀌고나서 제가 자주 이용하는 배달.포장 누르면 렉먹은거마냥 화면이 하얗고 아무것도 안보여요 컴퓨터로 급하게 뭐해야되는데 렉먹어서 로딩안될때 키보드 뿌시고싶은 그런느낌 뭔줄 아시죠? 바뀌기전엔 이런적 한번도 없었거든요 그냥 안쓰고말지 정말 열불터져요ㅡㅡ 그리고 배민1은 왜 리뷰이벤트같은거 없나요 리뷰도 보기불편하고 랭킹순위 보는것도 맛집랭킹처럼 한눈에 알아보기 힘들게 사진만 너무 커서 불편하고 쇼핑라이브니뭐니 그냥 전부 조잡해요. 배민이 1위였던건 다른앱들보다 심플하고 쓰기편한 장점이 있어서라고 생각하는데요.. 제가 그랬으니까요 그런게 없어져 버렸네요.. 제가 삼성폰만 사용하는데 이유가 애플보다 심플하고 사용하기 편해서였는데 그장점이 사라져서 더이상 쓰기싫은 그런.. 뭔줄아세요?ㅠㅠ,1
264,Jenny Kim,4,2023년 4월 27일,"현재 제공되고 있지 않으나 필요한 기능들 몇 가지 건의 드립니다. 1) 내 리뷰 중 특정 식당 검색 - 작성 리뷰가 500개 넘어가는 유저로서 예전에 주문했을 때 어떻게 느꼈던 곳인지 확인이 어렵네요ㅠ 식당 리뷰도 많고 제 리뷰도 많아서 특정 식당에 제가 남긴 리뷰를 보기가 거의 불가능해요 2) 식당 리뷰 중 특정 메뉴 주문자 리뷰만 보기 - 다른 분들도 많이 언급하신 기능인데, 궁금하거나 주문하고자 하는 메뉴를 시킨 분들의 리뷰을 모아보고 싶습니다 3) 찜 100개 이상 기능 - 보여지는 식당들을 취소하면 더 예전에 찜한 식당들도 보이는 것은 알고 있지만, 취소할 곳이 없을 때를 위해 100개 이상 디스플레이가 가능했으면 좋겠습니다. 큰 차이가 아니라도, 120-150개 정도로라도 늘려주시면 좋을 것 같아요",4
265,김아름,1,2024년 3월 16일,개선이되고 업데이트가 된다는건 불편했던 사항들을 반영하는것 아닌가요? 오히려 더 불편해서 보기가 싫을정도입니다 너무 불편하고 더 조잡스러워 보여요 ; 안보이는 식당은 일일히 검색해서 찾아야하고 찾아야 나오고 그전 버전이 훨씬 편합니다ㅡㅡ,1
266,멜론머스크,1,2024년 1월 27일,업데이트를 하면 할수록 불편함.. 사람들은 쓰던 위치에 쓰던 방식으로만 빨리 주문하고 끄는데 인터페이스 자꾸 바꾸면서 기능 추가오지게 한거 클릭이라도 하게 만들라고 위치 막 바꾸니까. 개 빡침. 요기요로 옴기는사람이 많음.,1
267,김네모,1,2022년 5월 16일,"배달료순으로 정렬하는 기능이 있는데, 가게마다 배달료가 단일이 아니고 0~4,000원, 이런 식으로 범위로 되어 있습니다. 그리고 배달료순 정렬하면 범위 중 최저 배달료로 정렬됩니다. 그런데, 막상 들어가보면, 최저 배달료 0원이 적용되려면 10만원 이상 주문해야되는 식입니다. 실제 일반적으로 주문하는 걸로 해서는 배달료 0원 안 되요. 배달료순 정렬 기능이 있으려면, 범위 중 최고 배달료 기준으로 하도록 해야 됩니다. 그래야 이런 꼼수를 막을 수 있습니다.",1
268,홍승연,5,2023년 8월 12일,"잘 사용하고 있습니다. 하지만 장바구니 데이터가 로깅되지 않는 에러가 있네요. 업뎃하면 나아지리라 생각해서, 업데이트 했음에도 에러가 해결되지 않았네요. 7월 31일에 동일한 이슈가 리뷰에 있고, 8월 8일에 최신 업데이트가 있었음에도 아직 해결이 안 되었군요. 빠른 시일 내에 해결되길 바랍니다. 응원합니다. (핸폰 재부팅 되니 해결되네요.)",5
269,랑미,1,2021년 11월 24일,저는 배달의 민족을 다운받지 않았고 당연히 사용도 하지 않고 있습니다. 가입시도 역시 하지 않았습니다. 그런데 1분 전 갑자기 인증번호를 입력하라고 문자가 오네요. 누군가가 자기 번호를 잘못 입력한걸 수도 있지만 확인부탁드립니다. 해당 번호로 가입시도된 계정은 즉시 삭제처리 부탁드려요.,1
270,peaka S,5,2024년 10월 27일,"평소에 잘 쓰고 있습니다. 다만, 다른 분 말씀대로 문의가 사진 첨부든 연결이든 여러 사유로 막히는 점이 있어서 아쉽더라고요. 그리고 접수를 받았다가 아무 연락 없이 취소해놓고 사유는 고객요청 이라 하면서 직후 30분 정도 중지로 돌려놓거나 하는 등의 태도인 가게들도 보이는데 이런 태도의 가게들을 차단하는 기능도 추가해 주시면 더 좋을 것 같습니다.",5
271,Eldys Yang,1,2023년 7월 31일,업데이트 이후에 장바구니 화면에 아무것도 뜨지않아 결제가 불가능함. 즉시 주문도 없고 그냥 앱 사용 불가네요 삭제하고 다시 설치해도 똑같습니다. 추가 os도 최신이고 와이파이 데이터 환경 다 시도해봤는데 안돼서 일단 핸드폰 재시작 하니까 와이파이 환경에서도 장바구니가 보이네요. 평소 일주일에 세번 재시작되게 세팅해놔서 설마 했는데 어플 재설치 하고도 안돼서 핸드폰 재부팅 했습니다. 다들 장바구니가 안보이면 이렇게 해보세요,1
272,다춘,4,2021년 8월 27일,검색을 해서 가게를 골랐는데 알고보니 그 위치에 없는 가게였어요. 제 위치로 상관없이 그 위치 검색하면 그 장소로 넘어가게 해주세요...물론 이 위치에 그런 거 없다고 뜨긴했는데 우선 가게가 보이니까 그냥 생각없이 주문하게 되더라고요. 그 위치에 없으면 잘보이게 다른 색깔로 표시해주셨으면 좋겠네요.,4
273,Daeyoun Kim,1,2022년 7월 27일,회원가입이 안됩니다 모든단계 이후 휴대폰 인증에서 인증문자가 오지않습니다 때문에 다음단계로 진행이 안됩니다 확인할 방법이 없습니다. 수십번을 반복해도 휴대폰 인증번호 에서 다음단계로 넘어가지 않습니다 실명에 주민번호 휴대전화 번호 본인 맞는데 이런경우가 생길수 있습니까? 어떻게 해결해야 되는지 확인 할 방법을제시 바랍니다 한가지 의심이 되는건 휴대폰 기기변경전에 앱 사용시 오류로 앱을지우고 기기를 지금의 기기로 변경하고 처음 가입하는것입니다. 확인 바랍니다,1
274,지범개차,3,2022년 11월 10일,"리뷰 입력란에 욕설이나 이런거 못적게 필터링 기능 넣은거 자체에는 불만이 없는데, 정도가 좀 과해요. ""적당히 씹는 식감 있어서 좋다""라고 적었는데 '씹'이라는 글자 때문에 등록이 안되어서 좀 당황했습니다. 맥락 상관없이 글자나 단어 하나하나 입력 방지 등록해 놓는거는 진짜 이천년대 초반에나 보던 방식인데, 2022년에 다시 겪으니 이게 뭔가 싶습니다. 배민이 영세한 기업도 아닌데 돈 좀 써요... 필터가 이게 뭐야ㅠ",3
275,윤종환,1,2023년 12월 1일,혼자 음식할 수 있도록 도움을 주는 어플. 30분 걸리는걸 1시간 30분으로 늘리는 기적의 시간예측 시스템. 점점 초라해지는 혜택과 비싸지는 음식과 배달비. 배달비 보면 택시타고 내가 갔다오는게 더 저렴할거 같음. 그냥 당일배송으로 음식 사는게 더 맛있고 빠르고 돈낭비 안합니다.,1
276,Sue Yoo,3,2024년 5월 7일,비마트 품절있으면 전체선택 안되는거 품절픔목 위로 올려보여주든지. 품절된 거 찾아서 삭제해야 전체선택 누를수있게 만드냐? 품절돼도 전체선택이 되고 품절상품만 빼고 선택이 되게 해야지. 그리고 터치 하다가 분명 위아래로 했는데 오른쪽으로 잘못갔다오면 무조건 맨위로 올라가서 다시 품절상품 찾으러가야함,3
277,Google 사용자,3,2020년 3월 22일,주문내역 보려고 하는데 정보를 불러오지 못했다고 계속 로딩중만 뜨네요...방금 주문한 내역 뿐만아니라 지금까지 주문했던 내용들도 확인을 할수가 없어요. 그전까진 잘 되다가 갑자기 이래서 핸드폰 문제인지 통신문제인지 싶어 어플도 지웠다 다시 깔아보고 핸드폰도 껐다 켜봤는데도 해결이 안되네요.,3
278,신렐라,4,2023년 4월 30일,배민 너무 잘 이용하고 있습니다~ 그런데 예전에는 가게들어가서 메뉴를 검색할수 있었는데 지금은 메뉴가 많은 가게는 메뉴를 찾기위해 찾는메뉴가 나올때까지 계속 내려야 하는 불편함이 있네요 원래 검색할수 있는데 저만 못찾는걸까요?,4
279,Yeon Seo,1,2024년 2월 20일,긴말 필요없이 별점 2.7점인 이유가 있음 편리한 것도 있지만 불편하고 짜증나는게 편리한거에 몇배는 됨. 진짜 불편하고 쓸때마다 스트레스 받음. 별점이 이따위면 보통은 개선할 생각을 할텐데 왜 계속 그대로이거나 점점 더 불편하게 만들죠? 뭐 어플 덕분에 돈 아껴서 참 좋네요.ㅋㅋ 근데 진짜로 별점 1점주기도 아까워요. 아 그리고 이유가 뭔지 말안하긴 했는데 별점낮은 것들보면 여러가지 나오시니까 잘 아시겟죠?,1
280,DA IuI,3,2020년 6월 28일,배달비같은거 제외하면 잘 쓰고 있습니다 그래도 합리적인 편이라 생각하고요 그런데 최근 배달의민족 주문을 누락시키는 가게들이 많네요 배달이 40분안에 온다하고 1시간뒤 전활르 해야 온다거나 그래서 리뷰가 아닌 평점을매겨서 인기가 많은가게가 위로 인기가 없는 가게를 아래로가 아닌 이 가게 숨기기 같은 기능이 있었으면 좋겠습니다,3
281,한정도,3,2023년 3월 4일,"지역에 따른 배달팁 가격이 거리에 따라서 다른 건 이해를 하는데, 그 책정방법에 불만이 있습니다. 어떤 집은 배달팁 자체에서 위치에 따라 자동으로 가격을 매겨주는데, 어떤 집은 메뉴판에 여러 동네를 기입해 놓고 고객이 고르는 방식으로 운영하고 있습니다. 이 부분을 좀 통일해 줬으면 합니다. 철저히 둘중 하나의 방법으로 모두 통일이 되어 있었다면 불만 자체를 갖지 않았을 겁니다. 근데 어떤 집은 고객이 신경써야만 하고, 어떤 집은 그냥 팁에 매겨진 가격대로만 하면 되는 방식이니 상당히 헷갈립니다. 고객입장에서 메뉴판에 있는 음식을 중심으로 보는거지, 집 위치가 가게에서 부터 얼마나 차이 나는지를 신경쓰지 않습니다. 가뜩이나 배달료도 올랐는데 거기에 추가금액 까지 생기는 걸 보면 뭔가 더럽게 손해보는 거 같고 불합리하게 느껴집니다. 메뉴판에서 고르는 거 자체가 이를 주목시킵니다. 점주들도 욕먹을 각오하고 깜빡한 고객에게 전화를 해야하니 무섭고 불편하실 겁니다. 좀 개선해 줬으면 합니다.",3
282,Google 사용자,3,2020년 3월 17일,사진파일이 안뜹니다ㅡㅡ 분명 찍었고 클라우드 동기화도 다했고 별도 갤러리 지원안한다고 써있던데 여지껏 당연히 핸드폰에 자동 설치된 갤러리에서 늘 첨부해왔는데 왜이러죠? 원래 갤러리에 10장이 있었다치고 새로10장을 찍었으면 새로운게 보여야하는데 앨범 사진갯수만 올라가있고 사진은 보이지도않네요 리뷰쓰는데 강제로 글로만 쓰고있어요 빨리 해결해주세요,3
283,튜유,1,2021년 9월 21일,고객문의 시 고객은 30분 넘게 상담원이 응답할 때까지 기다려야하지만 상담원은 6분 가량 대기 후 바로 상담 종료 처리 가능하네요. 응답내용 역시 정해진 답변을 복붙하는 수준이고요. 주문취소 역시 가게에서 임의로 처리해도 고객의 대응방안은 별도로 존재하지 않네요. 몇년간 이용했는데 다시는 이용하지 않을 것 같습니다. 다른 통신중개업소들과 서비스 품질 비교하고 개선해야 할 것 같네요.,1
284,ksamm,2,2023년 5월 23일,시키던 곳에서 시키던 메뉴 주문하는데 주문불가라고 뜸. 재고소진인가 했지만 며칠째 안되기에 매장 연락해보니 문제 없다함. 업데이트도 이상없어서 결국 삭제후 재설치하니 정상주문됨. 아주 번거로웠음.,2
285,Sunghee Lee,1,2024년 11월 16일,"배민은 어떻게 가면갈수록 시스템이 도태되는것 같죠?? UX도 불편해지고, 시스템 프로세스도 불편하고. 예전에는 배달 지연이 되면 해결하는데 어려움이 없었는데, 예상시간만 늘어나면 다인가요?? 덕분에 3시간이 지나서 저녁 다 지난 시간에 받았습니다. 사용자 경험을 생각하지 않고 기능을 업데이트하는 느낌이에요. 배달 지연 관련해서 문제를 해결하려고 해도 상담사 연결로만 해결할 수 있으니, 그런데 고객센터는 전화량이 많다고 30분이 지나도 연결되지 않고....이러지도 저러지도 못한 상태에서 3시간이나 흘렀습니다. 나중에 고객센터에서 연락이와서 배차문제였다고 죄송하다고 하던데....ㅎㅎㅎㅎ 상담사가 뭔 잘못이 있겠어요...... 그리고 늦어서 죄송하다고 쿠폰 2000원 주셨네요....누구 놀리는것도 아니고 이럴거면 주지 마세요. 더 화나요. 자동화도 좋지만, 사용자가 불편함을 느낄정도가 되면 안된다고 생각합니다ㅋㅋㅋ 다시는 배민 이용 안 할 것 같네요",1
286,ᄒᄅᄎ,1,2022년 12월 3일,"왜 삭제됐지 업뎃하고 스크롤 내리면 아래가 아니라 옆으로 넘어가면서 버벅거림 어떻게 앱이 스크롤 내리는 것도 제대로 인식을 못함? 심지어 많은 메뉴, 가게들을 훑어볼 수 있어야하는데 그 기능이 불편해졌다는 말임. 앱 담당자는 머리 박았으면 좋겠음. 말도 안되게 불편하고 배달앱 뒤지다가 홧병나서 실려갈거같음. 내가 가게 볼려고 스크롤을 내리는거지 옆으로 갈려고 스크롤을 내리는 거겠음????",1
287,Google 사용자,5,2018년 10월 22일,가게명으로 검색은 가능하던데 너무 뜬금없는곳에 있는것 같아요. 분식이나 다른 탭을 눌렀을때 사에드쪽에 아이콘 같은걸로 표시가 되었음 합니다. 그리고 가게명이 아닌 메뉴명으로도 검색이 되었음 좋겠어요!! 뭐가 먹고싶은데 어느곳에서 판매해는지 감이 안잡힐때 하나 하나 들어가서 확인하기 번거로운것 같아요!!,5
288,이세영 (핑키),5,2024년 11월 4일,최근 까지도 배민 잘 사용하고 있어요!! 편의성 개선 해 주시는 김에 주소별로 결제 방식도 같이 저장되면 좋겠어요 주소별로 결제 방식 바꿀때 마다 라이더 요청사항이 초기화가 되서 그때마다 계속 입력해야 하는 번거로움이 있네요.. 이것만 바뀌면 정말 좋겠어요^^,5
289,정윤지,4,2020년 8월 31일,다 좋은데 🙏추가되길 바라는 기능🙏 1. 어플리뷰를 보니 어떤 분이 주문했던 내역에 대한 메모기능(본인만 볼수있는)을 원하시던데 추가되면 너무 좋을것 같네요 2. 주문시간이 아니어도 장바구니에 담아둘수 있게만 해주세요ㅜㅜ주문하기 버튼을 막아두시는건 어떤지.. 3. 여러 음식점들의 음식을 장바구니에 담아둘수 있으면 좋겠어요 지그재그에서 옷 쇼핑하듯이 담아두고 주문할땐 원하는 가게만 체크해서 주문할수 있게 하는거 어떤가요?여러 음식점에 중복 주문이 걱정된다면 장바구니에 담고 주문하기 선택할땐 가게 체크를 한 곳만 가능하게 제한하는것도 좋을듯 하네요 가능하다면요😭,4
290,Wooseong Choi,1,2021년 6월 18일,첫화면 바뀐거 완전 별로네요. 전에는 첫화면에서 찜이랑 메뉴가 바로보여 좋았는데 한번씩 더 눌러야 되서 불편하네요. 누구를 위한 개편인가요. 꼭 뭔가 했다는 티 내려고 이상하게 바꾸는 일들이 많네요,1
291,Fwangmi,1,2021년 6월 15일,"업뎃 이후로 배달포장 검색할 때, 검색어 입력창에 터치를 해도 텍스트를 기입할 수 있는 키보드가 나오지 않아 업체명이나 음식명 자체를 기입할 수가 없습니다. 마트장보기는 나오는데 왜 안나올까요? 어플과 폰 재부팅 후에도 나오지 않아서 이렇게 글 씁니다. 갤럭시 유저입니다.",1
292,요시와포치,4,2021년 5월 2일,배달의 민족 대체로 잘 이용하고 있는데 한가지 꼭 건의드리고 싶어서 리뷰에 남깁니다. 저는 20대이니까 큰 상관이 없지만 시력이 좋지 않으신 부모님들께서 음식을 시키실 때 한 가지 불편함이 있었습니다. 포장주문이 아닌 배달로 음식을 받기 원할때는 우선 주소를 선택하고 매장을 선택한 뒤 음식을 선택하면 되잖습니까. 그런데 부모님께서 매장을 선택하는 과정 중에 같은 매장이라도 배달에 해당하는 것과 포장주문에 해당하는 것이 따로 나뉘어져 있는데 이 두 개를 구분하기가 쉽지 않았다고 합니다. 단순히 매장 옆에 아주 작은 하얀 글씨에 검은 타원형 버튼 모양으로 포장이라고 적혀있는데 평균 시력 이하이신 분들이 구별하기가 쉽지 않을 것 같더군요. 이 문제점을 개선해주셨으면 좋겠어요. 주소 선택 후 검색이 되면 포장주문 란과 배달 란을 아예 따로 구분해놓도록 하는 방식을 추가해주시는 등 배달의 민족 측에서 현재보다 더 나은 접근성을 위해 힘써주셨으면 좋겠습니다!,4
293,Google 사용자,5,2019년 2월 23일,편리하고 좋은데 추가되었으면 기능이 하나 있습니다! 리뷰 평가 기능이 있었으면 좋겠어요. 현재는 도움돼요만 있지만 좋아요/싫어요 등으로 리뷰에 의견을 표시할 수 있었으면 좋겠네요. 간혹 평점이 낮은 리뷰중에 말도안되는 요구해놓고 리뷰를 안좋게 써놓는 경우가 보이는데. 사장님들도 속상할 것 같고 소비자 입장에서도 굉장히 불쾌하더라구요. 싫어요가 많으면 해당 리뷰는 블라인드 처리하는 등의 기능도 추가됐으면 하는 바람입니다!,5
294,스포카,5,2023년 8월 17일,"매장에 대해 메모기능이 있으면 좋을 거 같습니다. 본인만 확인가능한 기능이요.. 예를 들어 이집은 매운맛 보통이 적당하고, 저집은 매운맛이 적당한 경우가 있는데 주문하다보면 기억이 나지않는 경우가 많습니다.",5
295,김주희,1,2021년 4월 3일,요즘 사용하려고 업데이트 하고 와이파이가 아닌 데이터로 어플켜도 연결상태가 일시적으로 불안정 하다 화면을 불러올 수 없다는 메시지만뜨고 사용을 할 수 없어요. 어플 삭제하고 다시 깔았는데 배달의 민족 어플이 계속 중단되요,1
296,가온,1,2021년 7월 12일,개편 하기전으로 돌려주십쇼 최악의 유저 경험이네요. 특히 메뉴 아래위로 스크롤할때 민감도를 높게 세팅을 한건지 좌우 메뉴로 수시로 바꾸는 통에 짜증을 유발합니다. 디자인도 특별해진게 없고 사용자 경험은 더 불편하게 바뀐 최악의 개편이네요. 점점 앱 사용 빈도가 줄고있음,1
297,오구오구,4,2023년 6월 20일,"국민 배달앱. 배민은 배달팁이 자꾸 오르지만 편리해서 꾸준히 사용해요. 찜 한 가게도 음식 종류별로 분리되어 찾기 쉽도록 개선되면 좋겠어요, 너무 많아서 찜 목록 찾기가 힘들어요",4
298,하루,1,2021년 11월 19일,같은 가게가 깃발을 여러개 꼽아서 그런진 모르겠지만 중복가게가 너무 많이 보여서 덕분에 가게리스트 가독성이 스팸광고마냥 매우 떨어짐. 동일가게는 1개만 보이게 필터링기능 추가안하는지? 똑같은가게가 3~5개씩 여러곳이 보이니깐 정상영업하는 가게 찾으려면 스크롤 엄청내려아되니 보기가 싫어질정도,1
299,Kang Nam,2,2021년 9월 30일,"2번째 문의하는건데요 배민페이로 결제할때 결제 비밀번호를 입력할때 숫자창이 사라진다구요, 여기서 뭘 더 어떻게 설명을 할까요? 비밀번호를 입력하라고 첫화면 나올때는 숫자창이 나와요 거기서 숫자하나를 입력하면 숫자창이 바로 사라집니다 2번째 숫자를 칠수가 없어요 첫화면에서 숫자위치를 외워서 6개번호를 쳐야합니다 그냥 하얀바탕에 눌러지는 표시는 뜹니다. 근데 이게 이상한게 숫자를 잘못쳐도 되는건지 틀린적이없는건지 결제가 되긴해요 며칠째 이렇게 쓰고 있는데 다른데로 넘어가야 하나 생각중입니다",2
300,Google 사용자,4,2018년 11월 11일,"어떤사람이든 불편하다고 할만한거 3가지만 말씀드릴게요. 1.검색기능이 왜 아래에있죠? 모든 웹사이트,어플들의 검색기능이 왜 위에 있는지 모르는분이 만든건가요? 이해가안가네요 위에있으면 손가락 뻗어야해서 그런건가; 2.지정휴업일 이면 그냥 휴업이라고 써주세요 준비중이라길래 이집은 모바일결제가 안되는줄알고 전화했건만 휴업이라고 하네요. 3.음식카테고리가 처음부터 펼쳐져있는거 불편합니다. 처음부터 그냥 카테고리가 닫혀있고 카테고리를 눌렀을때 펼쳐지게해주세요 제가 국뽕이라 웬만하면 한국회사꺼 사용하려고하는데 이건 너무 불편해서 못쓰겠어요",4
301,고종건,1,2020년 9월 15일,"배민오더(포장주문) 목록형 개악 최악. 이걸 개발자팀에서 머리 모아 생각했다는게ㅋㅋㅋ 편하긴 뭐가 편해요 그냥 솔직하게 광고 업체 상위로 올려주려고 했다고 말을 해야지. 기존의 직관적인 지도보다 편한게 있나 이용하던 업체들이야 위치를 알지만 모르는 업체들이 쭉 나열되있는게 뭐가 편해. 비슷한 위치에 업체들이 많이 모여있을때, 그 부분 누르면 목록형으로 잘 나왔었구만 누가봐도 광고 업체 상위 노출 시키려는 뻘짓. 이용자들에게 불편을 강제해서 적응 시키려는 고약한 개발자/경영진들.",1
302,김선민,1,2022년 2월 23일,안녕하세요.저는 배달어플을 사용하기보다는 신문기사를 읽고 쓰게 되었습니다.요즘 코로나19로 인해 배달어플을 많이 사용하는데요. 중요한것은 음식을 만드는건 요리사고 배달을 하는것은 라이더인데 왜 돈은 어플한테 많이 가는걸까요? 그리고 라이더님들이 빠르게 달리시는 이유가 뭘까요? 그이유는 배달을 하는 건 수로 돈을 주기 때문입니다. 그래서 저는 건 수보다는 업무시간으로 돈을 주셔야 할것같습니다. 제 댓글 하나로 바뀌지는 않겠지만 그래도 읽어주셔서 감사합니다.,1
303,J P,1,2024년 4월 24일,"예전에 잘되던걸 쓸데없이 바꿔가지고 시키려니 등록해놓은 카드정보는 다날아가고, 현장결제는 어디갔는지 모르겠고, 배민1은 배차가 안되서 배달 언제 올지도 모른다 하고, 주문에 문제가 생겨서 전화하려니 전화는 서로 드럽게 소리 인식이 안되서 3번 걸어도 안되고 ㅋㅋㅋㅋㅋㅋㅋㅋㅋ 이럴거면 배달어플 왜쓰지? 배달어플은 배달 편하게 시키려고 쓰는거 아닌가",1
304,김현아,1,2022년 1월 15일,첫주문 할인쿠폰을 꼭 배민페이 결제시에만 사용하게 하는 게 너무 불편합니다. 배민페이 등록도 이미 결제수단으로 등록한 카드로는 안 되고 계좌로만 설정할 수 있던데 원래 그런 건가요?? 다른 어플은 쿠폰 사용시 해당어플페이를 이용안해도 결제가 가능한데.. 이렇게 하시면 불편하고 속 보여서 가급적 이용 안할 거 같네요.,1
305,i Ben,1,2024년 8월 24일,"배민 요새 배달료가 엄청 심함. 대도시는 할인 혜택을 주는 반면 같은 거리여도 소도시는 기본 3000-3500원에 적혀있지 않은 추가 배달""팁""으로 3000-4000원 이상이 들어감. 공지에 써두거나 미리 전화로 알려주는 매장이 있는 반면, 아무 공지도 연락도 없이 배달 후에 팁을 달라는 라이더가 있어 매우 곤혹스러웠음. 모든 매장은 배달팁과 배달료를 합해서 배달료에 적어두었으면 좋겠음...",1
306,가나라,1,2024년 11월 12일,배달양아치들한테 콜 좀 주지 마세요. 오토바이 엔진 개조해서 일반 오토바이와는 다른 엄청 큰 소음을 일으키며 배달하는 양아치들 때문에 밤에 잠을 못 잘 지경입니다. 정비소에서 오토바이 엔진 소음 측정한 결과를 의무적으로 배민에 제출하게 해서 엔진 개조한 양아치들은 아예 배민에 등록 못 하게 하면 되지 않을까요?,1
307,김승용,1,2022년 6월 3일,"솔직히 말도 안되는 수준의 배달팁도 문제인데, 이용자 속이기식 UX도 문제인 것 같습니다. 아니, 선물받은 쿠폰이 있어서 그거 쓰려고 가입하긴 했는데, 첫 주문 쿠폰도 주면, '이번 주문에만 쓸 수 있는 쿠폰이 있습니다. 먼저 사용하시겠습니까?'라던가, '기한이 얼마 남지 않은 쿠폰이 있습니다. 사용하시겠습니까?'로 안내멘트라도 주셔야지, 서민 입장에선 작은 금액도 아닌데 이런 식으로 이용자에게 혜택 주는 걸 일부 피하는 기법은 좀 아니라고 봅니다. 개선하세요.",1
308,설재훈,4,2021년 2월 16일,"배달의 민족 어플 잘 쓰고 있는데요, 다음 업데이트시 반영을 해주셨으면 하는 부분이 있어서요. 즐겨찾기 하는 찜하기 기능이 있어 좋아요. 아쉬운 점은 맛이없었거나, 위생적이지 않거나, 친절하지 않아서 다음에는 주문하고 싶지 않은 업체를 체크할 수 있는 메뉴가 생겼으면 하는 바람이에요. 업체에는 노출 되지 않고 주문자 개인 메뉴에만 체크할 수있게 만들어 주셨으면 좋겠어요.",4
309,PL W,1,2021년 2월 1일,배달의민족 첫 주문할인 쿠폰을 받았는데 실수로 못쓰고 두번째때 쓰려고하니깐 두번째 주문이라 쿠폰을 못쓴다네요 분명 쿠폰을 누르고 결재했는데 나갔다가 메뉴 바꾸고 오니까 쿠폰이 적용이 안됐네요.. 고객센터에 전화해보니 첫 주문할인만 가능하다는 말뿐이네요.. 신규고객 확보를 위한 쿠폰제공일텐데 이러한 부분의 서비스가 잘 이루어지지 않아서 속상하네요ㅠ 물론 제 잘못도 있지만..,1
310,Google 사용자,5,2019년 9월 21일,주문 받을 때나 시킬 때 모두 편하게 할 수 있어서 좋습니다. 무엇보다 결제 방식이 여러가지라서 더 좋네용 하즤만.. VIP가 돼도 사실상 쿠폰을 쓰지 못하는거 같아욬ㅎㅋㅎㅋㅎ 전체적으로 할인 적용이 되는것도 아니고 부분으로만 적용되도록 쿠폰을 지급해주고 받는다 하더라도 쿠폰만기일이 짧아서ㅠㅠ 장바구니 기능이 여러 가게가 들어 갈 수 있으면 좋겠어요!! 인터넷 쇼핑에서 하는것 처럼 여러개 담아놓고 비교한 다음에 선택한 가게만 주문 할 수 있도록 되면 좋을거같아요. 장바구니 담고 다른가게꺼 잠깐 보려고 하면 담아놓은게 초기화 되니까...ㅋㅎㅋㅎ,5
311,송현정,4,2024년 3월 4일,리뷰쓸 때 사진 바로 찍을 수 있는 기능 생긴 거 좋아요! 근데 그 기능 쓰면 배달이랑 별점 평가를 다시 하게 돌아가서 또 사진을 찍어야돼요. 그래서 사진 찍는 기능이 무소용이에요. 버그같은데 고쳐주세요 개발자님☺️,4
312,J J,2,2024년 6월 21일,"현 위치, 현 시간에 배달 라이더 섭외 가능 여부를 확인하고 주문할 수 있어야된다고 생각합니다. 주문 당시 배달 예상 소요 시간을 확인 후 주문했음에도 불구하고, 서울 시내 중심가에서 배달 라이더가 섭외가 안 돼서 한 시간을 지체해서 배달 받게 된다니요. 시스템에 보완이 필요하다고 생각합니다. 꼭 피드백 되길 바랍니다.",2
313,커피지니,3,2023년 5월 4일,음식점 들어가면 그 음식점의 잘 나가는 메뉴가 뭔지 알고 싶어요. 사장님이 대표메뉴로 올린거 말고 손님들이 많이 주문한 메뉴순위요. 처음 보는 음식점 같은 경우 리뷰 보는것도 좋지만 손님 주문 메뉴 순위 보는 것도 좋을거 같습니다.,3
314,CSLCS,1,2024년 3월 9일,저는 알뜰이나 한집배달이용을 원치않는데 가게검색시에는 가게배달은 선택할수가없네요. 뭔가 언제부턴가 어플이용이 많이 불편해졌습니다. 배민을 제일 많이이용했는데 고객선택이아닌 알뜰이나 한집배달을 유도하는거같아 사용하기 꺼려집니다. 알뜰은 싸지만 음식이 다식어서오고 한집은 배달비면에서 부담인데 참 불편합니다.,1
315,Istina이스티나,1,2020년 11월 16일,주소를 잘못 입력하고 주문해서 바로 취소했는데 취소도 안된다고 하고 매장에 전화도 안 받아서 배민상담자에게 부탁드렸더니 이미 음료가 나와서 취소접수불가하다고만 전달하네요.. 취소접수는 왜 안되나요? 배달접수를 받았으면 바로 전화도 받을 수 있었을텐데.. 별 1도 주기싫은데요,1
316,지구,3,2021년 6월 10일,왜 다 한번씩 더 누르게 만드는 업데이트를 한건지..? 글고 검색창 바로 안되고 한번 더 들어가게 만든건 누구 발상인가요 ㅋㅋ. 그냥 옛 네이버처럼 실시간 검색어를 검색창 밑에 만들던지;; 너무 대충 업뎃했네요. 메인 검색창을 구현하는게 아니라 그냥 기존창을 메인 버튼에 연결한... ㅋㅋㅋ 이게 무슨 바로 검색이야 ㅋㅋㅋ,3
317,Google 사용자,4,2019년 7월 31일,잘 이용하고 있습니다. 한가지 아쉬운 점이 있다면 검색란에 음식이름을 검색하여 해당음식을 판매하는 가게들이 나왔으면 좋겠습니다. 현재는 특정가게를 들어가 음식이름을 검색하도록 나와있더라구요.,4
318,Google 사용자,4,2019년 6월 14일,메뉴를 쉽게 고를수있고 결제가 편해 좋긴한데.. 다양한 가게가 많지 않아 고를수 있는 폭이 좁네요. 메뉴도 거기서 거기.. 다양한 가게가 많이 있었음 좋겠어요~,4
319,김기헌,1,2023년 8월 12일,다른게 아니고 비마트 동영상 광고 나올때 X (닫기) 터치하면 한번에 그냥 닫히게 설정 좀 해주세요. 잘 눌러도 앱이랑 자꾸 연결되어 실행되어버리니 없던 혐오증이 생길 지경이네요. 쓸 사람은 쓸꺼고 안쓰는 사람은 안쓰니까 닫기 터치 부분 제대로 적용 좀 시켜주세요. 정말 불편해서 이렇게 직접 리뷰까지 적습니다.,1
320,Google 사용자,1,2018년 12월 23일,와이파이 연결도 되있고 로그아웃 하지도않았는데 저절로 로그아웃되더니 네이버아이디로 연동하러니까 자꾸 에러뜨네요 그래서 제거하고 다시 설치해봐도 그대로이고 뭡니까 이게 ㅡㅡ 폰요금 미납된 것도 없는데 결제대행 초과라고 결제도 안되고 참나 데이터 켜도 그대로네요 진짜 최악입니다.,1
321,woodspice,1,2024년 2월 16일,이번에 꼼수로밖에 느껴지지 않는 거리추가금 때문에 어지저찌 사용하다가 떠납니다. 거리추가금이 있는데 거기에 또 추가로 지역별추가금까지(업주가 추가한) 이게 뭔가요? 그동안 이용자들 붙잡으려고 썻던 할인쿠폰 이걸로 만회하는건가요? 들어보나마나 배달료는 자신들께 아니다라고 하겠지만 그럼 수수료는요? 그걸로 다 빼먹는거 모를까봐요? 아무리 외각지역이라도 추가금에 또다시 추가금은 시켜먹지 말라는 뜻으로 이해하고 떠납니다. 뭐 이용할 사람들은 이용하겠지요...하하;; 다신 이용할일 없을꺼에요!,1
322,Yoonyoung Kim,1,2023년 1월 24일,"결제취소가 너무 어렵습니다. 가게에 전화하니 본인들도 취소할 수 없다며 제가 배민에 전화를 해서 취소를 해야한다합니다. 앱에서 배민번호를 찾는 것도 어렵고, 상담원과 연결되는 것도 시간이 한참이 걸립니다. 상담원과 연결후에는 가게와 통화하고 취소가능여부를 확인해주겠답니다. 판매자와 고객사이에 배민이 괜히 껴서 문제를 더 복잡하게 만드는 것이 이 앱의 맹점인듯합니다.",1
323,Google 사용자,1,2019년 6월 1일,"평일 점심에 배달을 시켰으나 1시간이 넘어도 배달이 오지 않아 전화해 봤더니 업체에서 못봤다고 하더군요. 업체측에서 거짓말을 했을지는 모르겠으나 해당 업체에서 확인조차 하지 못한 배달건이 예상 소요시간이 표시되고, 이 시간이 지나자 배달이 완료된 것처럼 시스템에 표시되는 것이 의아했습니다. 이에대해 고객센터에 문의 글을 남겼지만 현재 취소상태라며 이해하지 못하더군요(제가 말한 완료된 것처럼 보이는 상태는 취소 전, 음식을 받지도 못한 상태에서 어플을 확인했을때 배송이 완료된 것처럼 표시된다는 것이었습니다. 당연히 현재는 취소 되었겠죠...) 비슷한 일을 당한 사람이 몇 있는 것 같은데 전혀 수정되지 않은 것을 보니 이 어플은 계속 쓰면 정신 건강에 좋지 않을 것 같아서 탈퇴후 삭제합니다. 이 어플을 사용하시려고 하는 분들은 주문 후 업체에서 확인 했는지 전화해보시는게 밥을 굶지 않을 수 있는 방법이라고 생각됩니다.",1
324,Google 사용자,3,2020년 3월 8일,"언젠가부터 리뷰쓸때 사진 첨부하는 부분이 업데이트된 것 같은데, 왜 사진이 최신순으로 정렬이 안되는거죠? 그리고 모든사진 누르면 폴더별로 정리 됐었는데 또 안되네요. 왜 됐다 안됐다하는건지.. 차라리 갤러리 열어서 선택하게 하던지 했으면 좋겠어요.",3
325,성현,5,2022년 1월 22일,"다 좋은데 걸어서 배달은 제한을 뒀으면 좋겠네요. 10분 거리만 가능이라던가, 보온 가방이 필수라던가 등으로요. 오토바이로 늦어도 5분 정도인 거리를 20분 걸어오면서 보온 가방도 없이 그냥 갖다주는 사람도 있더군요. 보온이 생명인 음식이 다 식는건 물론이고 부분적으로 얼은 부분이 생긴 채 왔습니다. 배달을 쉽게 생각하는 사람이 줄었으면 좋겠네요.",5
326,Google 사용자,1,2018년 11월 22일,오류가 있네요.. 와이파이가 아닌 모바일데이터 사용 환경임에도 불구하고 최신정보을 얻어올 수 없다고 뜨고 로그인이 안되고 음식점 메뉴사진도 안 올라옵니다. 문의 넣을라니까 1대1 문의도 안 켜져요 ㅠㅠㅠ,1
327,조성찬,5,2023년 10월 21일,"[기능추가제안] 음식값 결제를 카드와 배민페이로 나누어서 결제가 가능했으면 좋겠습니다. 저는 직장인인데 예를들어 회사에서 중식비로 10,000원을 지원해주는 경우, 15,000원짜리를 주문하고 싶어도 금액이 초과되어 주문하지 못합니다. 만약 분할결제가 가능하다면, 10,000원은 법인카드 등으로 계산하고 나머지 5,000원을 미리 충전해놓은 배민페이로 결제하면 너무 좋을 것 같습니다. 배민 입장에서도 주문량이 증가될 수 있어 좋을 것 같습니다.",5
328,Google 사용자,1,2019년 8월 24일,"아이디를 찾아 비밀번호 찾기를 했습니다. 이메일로든 핸드폰으로든 아무리 임시비밀번호를 받아도 계정정보가 일치하지 않는다며 로그인이 되지 않습니다. 복사 붙여넣기 해도 안되고, 직접 일일히 입력해도 안되네요. 임시비밀번호 이외의 것을 입력했을 때는 비밀번호가 일치하지 않는다고 뜨고요. 고객센터에서는 그래도 로그인이 안되면 방법이 없다는 답변 뿐이네요.",1
329,룰르랄르,4,2022년 5월 29일,어플 자주 이용하고 있습니다. 한가지 추천 드리는건 마음에 안 들었던 가게를 표시하는 기능을 추가했으면 좋겠습니다. 찜 표시도 좋은데 비추천 표시도 추가 해주셨으면 합니다.,4
330,_ “‪Vaticancameos‬” _,1,2024년 7월 4일,"자동문구 기본 설정 세팅 해놓지 마세요 >>본인이 설정<<할 수 있도록 바꿔주세요 숟가락, 젓가락 필요한 장소에도 필요없음 기본 체크 표시 되어 있어서 안 왔다고요.. 그리고 벨 누르고 문 앞에 두는 것도 기본 설정으로 되어 있어서 벨 누를 수 없는 장소에도 그냥 두고 갔다고요....",1
331,Google 사용자,2,2020년 4월 2일,배달의 민족 어플을 진짜 자주 사용하는 유저입니다. 그런데 최근들어 배달이 불가능한 거리의 업소들이 자주 생겼는데 배달도 시키지 못하는데 왜 어플상에 뜨는 건가요.. 새로 생겼나 싶어 들어가보면 배달 불가능 업소입니다.. 어떻게 사라지게 못하나요,2
332,조경수,1,2021년 11월 16일,"아이디 찾기해서 찾은 아이디로 비밀번호 찾기하면 이메일과 전화 번호를 확인하라고하면서 찾을 수 없는 이런 오류는 없어야하는건 아닌가요. 어플 기반 서비스로 성장했으면 인터페이스도 중요하지만 어플의 자잘한 오류는 최대한 잡아야죠. 로그인 서비스 혜택 많이 만들어놓고 이미 등록되있어서 회원가입도 새로 못하고 아이디, 비번도 못찾는건 무슨 경우인가요",1
333,Google 사용자,1,2019년 6월 30일,네비켜고 초행길 달리고 있는데 제 멋대로 어플이 켜져서 당황한 적이 한두번이 아닙니다. 자기 멋대로 어플 실행하는건 대체 무슨 경우인지.. 장거리나 초행길 운전 많이 하시는 분들 조심하세요. 저는 불안해서 삭제합니다.,1
334,Google 사용자,5,2018년 10월 13일,"원래 잘 쓰고 있는데.. 아쉬운점이 있어서 리뷰남깁니다. 요즘 리뷰이벤트로 별점이라던지 좋은리뷰를 강요하는 곳이 많아지는거 같네요. 이러면 네이× 블로그 거지들 마냥 바뀌는거 아쉽습니다. 요즘 리뷰이벤트 하는곳 믿고 거릅니다. 그리고, 각 업체별로 많이 주문된 메뉴를 볼 수 있는 기능은 없나요? 그 기능있으면 여기×, 배x통 같은 어플 제칠거 같은데 말이죠. 맨날 리뷰보고 메뉴다시 넘어가서 보고... 너무 불편해요. 개선 부탁드립니다.",5
335,이슬기,3,2022년 1월 7일,배달음식을 잘 안 먹어서 배달시킬때만 설치해서 쓰는데 왜 매번 설치할 때마다 로그인하라고 나오는 게 아니라 현주소를 먼저 선택해야하나요? 로그인하면 주소가 저장되어있는데... 현주소를 선택하는 거 외에 로그인하는 선택지가 있으면 좋겠습니다.,3
336,Google 사용자,4,2019년 9월 15일,음식메뉴 검색 기능좀 만들어주세요.그것만 있음 완벽한 어플일거같아요.가게 검색으로 들어가서 그 메뉴가있나없나 하나하나 봐야돼서 그게 너무번거로워요...전 특정음식을 먹고싶은 때가 많아서 음식이름으로 검색이 편하거든요.부탁드려요.^^,4
337,Google 사용자,4,2019년 1월 13일,배달앱 사용을 고민하다 처음 사용했는데 괜찮네요. 이전에는 그 음식회사 앱만 이용했는데 이앱은 처음 주문할때 리뷰가 있어 참고할수 있어 좋으네요. 그런데 배달 시간이 생각보다 긴건 맞는듯 해요. 다른 배달앱과 비교평가에서 배달시간이 가장 길었는데 왜인지 알것 같아요. 추가로 배달 시간 참고가 있다면 좋을것같아요. 정말 맛있는 곳은 기다리더라도 주문할거지만 막연한 기다림은 아닌듯 해요~,4
338,Google 사용자,3,2020년 1월 17일,안녕하세요 배달의 민족 앱 사용자입니다 잘사용하고 있는데 오늘 사용할일이 있어서 앱을 사용하면서 비회원 주문으로 휴대폰 인증하려고 했는데 수십번해도 인증번호 발송이 안돼요 그전까지 이런일이 없었는데 어떻게 된건지 답변 바랍니다 참고로 인증번호 발송 업체 번호가 수신번호 차단등록이 된건지 몇번을 확인했지만 차단등록은 되어있지 않네요 그럼 수고하세요,3
339,Eunah S,5,2022년 10월 27일,안녕하세요 어플 잘 쓰고 있습니다. 개선사항 건의드리고 싶어 평가 남깁니다. 1. 재구매율을 표시하면 가게 평점과 더불어 소비자에게 더 좋은 선택지를 파악할 수 있을 것 같습니다. 2. 가끔 같은 상호+지점이 여러개 뜨는데 오류인걸까요? 이상입니다.,5
340,강래형,1,2020년 6월 30일,"배민라이더스앱을 사용하는데 여기가 맞는지 모르겠네요... 오늘 30일 아침에 앱을 눌렀는데 4.14.0 업데이트 하라고 해서 누르면 다운로드창이 나오고, 다운로드창 누르면 다운로드를 시작합니다 라고 뜨고 몇초 후 파일이 저장되었습니다.. 라는 멘트 후 그 이후 진행이 안됩니다. 그냥 다운로드 버튼이 있는 화면에 그대로 머물러 있습니다.. 폰이 멈춘건 아닙니다 폰은 삼성A31 구입한지 한달도 안되었습니다..",1
341,유승주,1,2024년 3월 16일,실시간 채팅상담 해결해주지도 못하는데 없는게 나을 것 같음. 결제수단 변경 요청했더니 이미 출발해서 변경이 어렵다고하네요. 본인들 답변 확인이 늦어서 늦게 확인해서 가게에서 이미 출발함. 나몰라라 문의량 많아서 답변이 느려 미안하다는 말만 반복함.... 그리고 이미 출발했어도 재주문하고 라이더는 안잡히게 해서 재처리해줄수있는 기능도 없나봄. 또는 귀찮아서 처리 안해줬나 그럴거면 직접 빠르게 해결할수 있게 가게 번호라도 적어놓던가,1
342,DW K,1,2024년 7월 3일,"오토바이 엔진에 무슨 짓을 한 건지 밤이고 낮이고 새벽까지 엄청 큰 엔진 소음 일으키며 배달하는 배달의 양아치들 때문에 미칠 지경이다. 배달의민족 측에서 신호 위반, 과속, 인도 주행 등등 온갖 쓰레기짓 하는 배달 양아치들을 잡을 수는 없겠지만 적어도 오토바이 소음 측정 결과서를 받든지 해서 소음 심하게 해놓은 배달양아치들은 배민에 등록 못 하게 하는 방법으로 걸러줄 수 있지 않나?",1
343,Google 사용자,1,2019년 12월 31일,취소는 되게 만들어놔야지 이사람들아. B마트 한번 써볼래다가 너무 멀리서 출발하길래 취소하려는데 30분째 취소가 안된다. 추운 겨울에 니네가 배달하는거 아니잖냐. 자본주의면 다냐. 왜 구의 끝에서 끝으로 음료를 시키게 만들어놓고 취소전화는 40분째 연결이 안되는거냐. 이 추위에 내가 싸이코패스도 아니고.,1
344,tomato,3,2021년 5월 16일,"주문할때 사장님께 한마디나 배달요청사항에 최근에 적어놨던 글이 남겨져 있어서 선택할 수 있으면 좋겠어요. 일반 다른 쇼핑몰에서 배송메시지 쓸 때 자주 쓰는 글이나 최근 메시지를 고를 수 있는것처럼요. 왜냐하면 한 두가게만 이용하면 상관없을텐데, 이용하는 가게가 여러곳이다 보니 그때마다 새로 쓰기가 번거로워요. '다음에도 사용' 이라는것도 가게 특성에 따라 안맞을수 있어서 별 의미없는 기능이 될땨도 많구요.",3
345,정재형,1,2024년 9월 12일,음식 배달 시스템이 왜 이러나요? 배차라도 미리미리 배정되는 식으로 변경을 해주시면 안되나요? 음식 주문은 바로 받으면서 배차는 조리하고 한참 지난 후에도 배정이 안되면 대체 주문한 사람들은 뭐가 됩니까..;; 하루에 두 번이나 배차 늦어져서 다 식은 음식 1시간 넘게 걸려서 받으니 더 이상 이용하고 싶지가 않네요,1
346,Google 사용자,1,2018년 12월 23일,갑자기 로그아웃 되더니 로그인을해도 에러뜨고 혹시나 내가 잘못 쳤다 싶어서 아이디도 비밀번호 찾기해도 에러뜨고 그냥 비회원으로 주문할려해도 메뉴 선택할려하면 에러뜨고 장난하는것도 아니고 재설치 했더니 마케팅 수신 동의창 떠서 동의를 선택하든 동의안함을 선택하든 계속 변경사항을 요청할수없다그러고 계속 에러뜨고 이제까지 몇년동안 쭉 써왔는데 지금 상황에대한 해결방안이 없네요 그냥 어이가 없습니다,1
347,BORI U,4,2022년 8월 24일,배달음식 주문 시 아주 잘사용하다가 아쉬운 점이 있어 평점남깁니다. 보통 음식 주문 전 리뷰를 보고 시키는 편인데 먹고싶은 음식에대한 리뷰를 찾기가 힘들 때가 있습니다. 리뷰에 검색 기능 같은 것을 추가하여 원하는 음식을 검색해 볼 수 있으면 좋을 것 같습니다.,4
348,치타박,1,2024년 2월 17일,"비싼거 감안해도 쓰고 있었는데 지웁니다. 배달 대행업체 실수로 오배송이 났는데 가게에서 제대로 대응도 못해주고, 환불받자니 1:1문의 채팅은 왜 받는건지 한시간을 기다려도 응대안해주네요. 전화를 걸어도 30분 더 걸려서 겨우 환불조치 받았습니다. 배달 주문하는 경우 자체가 같이 먹는 사람들이 여럿 있다는 건데 배달 제대로 안오면 주문한 제가 다 독박이거든요. 진짜 불쾌한 경험이네요. 밥 좀 먹자고 주문한걸로 시간 낭비하고 기분까지 팍 상해버리니 차라리 안쓰고 말겠습니다.",1
349,Google 사용자,1,2019년 10월 7일,업체는 많지만 혜택이 너무 구리다... 단골 맛집들 때문에 쓰고있지만 이사하면 바로 어플 갈아탈예정... 다른 배달 어플들 다 써봤지만 배민은 고객 혜택이 없어서 늘 호구되는 느낌... 이상한 마케팅이나 이벤트 말고 그냥 직접적으로 혜택되는 포인트제도나 다시 돌려내길..별 한개도 아까운 어플,1
350,최현영,3,2021년 5월 10일,"오랜 시간 사용해왔던 앱입니다만, 주문 한 뒤에 바로 내역서가 틀린 걸 보고 변경을 하려고 했는데 전화 주문이 많은지 전화가 안 되서 상담사를 통했더니 불친절하고 상담 후 대응도 무척이나 느려 한참을 씨름후 되었나 했더니 몇분이나 지나서야 변경은 커녕 어쩔 수 없습니다라는 말을 들었네요. 하도 대충대충 처리하려는게 보여서 처리된 걸로 알겠습니다라고 안 쳤으면 과연 변경할 수 있는지 확인은 했을까 궁금할 정도네요. 다른 건 다 좋았지만 상담원과의 일 때문에 3점 드립니다.",3
351,Google 사용자,2,2019년 7월 29일,주소를 적었는데 왜 그런지 만약 집이 ♠@2동이라고 치면 계속 ♠@3동으로 표시되서 배달료를 항상 더 내고있어요ㅡㅡ3동과 같은 배달료면 상관없지만 2동과3동 배달료가 다를때는 짜증나요 분명 3동이 아닌데 3동이라고 오류난건지 원래 배달료가 아닌 더 내게 되잖아요 솔직히 배달시킬때는 어플이 편리하고 괜찮은데 오류가 나서 진짜 짜증나요ㅡㅡ너무 짜증나서 가게에 전화해서 설명하고 물어보고 한적도 있었고 그 가게도 2동인데 뭐지하면서 배달의민족에 바꿔달라고 해본다고 그러더군요 처음엔 모르고 주문하고 했다가 최근에 알게되었고 분명 2동으로 표시되야되는데 3동으로 계속 되더군요 이거 좀 고쳐주세요 계속 이러면 이젠 이 어플 다신 사용안할거같네요 저희는 아무것도 모르고 내지않아도 되는 돈을 냈고 그걸 개인적으로 고치거나 바꿀수도 없어서 아무것도 못하고 결국 전화로 주문할수밖에 없게되고 불편해요 똑바로 입력되도록 바꿔주세요,2
352,K K,1,2021년 1월 9일,"라이더 관리는 안되고 배달 시스템이 점점 붕괴되어가는 느낌이 강합니다. 날씨 문제도 있지만 점점 배송 시간은 늘어나 1시간이 기본이고 배달료는 점덤 더 올라가고 서비스 품질은 떨어지고, 거기에 대한 불만은 오롯이 리뷰로 남겨져 결국 소상공인들에게 전가되는 최초의 서비스를 잃어버린 배달의 민족 바이바이 입니다. 그냥 마트로 가겠습니다.",1
353,Eun Ho Kim,1,2025년 7월 21일,주소를 불러올 수 없습니다. 연결상태가 일시적으로 불안정합니다. 무한반복!!! -답변 받아 리뷰 수정합니다. 데이터통신 환경에서 내려받고 앱 데이터/캐시 삭제해도 동일한 현상으로 이용할 수 없습니다.,1
354,최윤선 7142,1,2025년 7월 9일,고객센터 2번 전화했는데 다 6분 동안 기다리다 전화연결 안 되고 끊어짐. 챗봇도 상담 안된다고 나오고... 주문 장소에 있는 사람이 자기가 주문 안했다고 하는데 물건 놓고가고~~라이더랑 연락할 방법은 없고~~가게도 전화번호 모른다고 그러고 배달의 민족 거지같은 서비스. 배달의 민족 어플 삭제하기 전에 다짐한다. 두번 다시 설치 안한다.,1
355,이송,2,2025년 6월 30일,수저체크 사용기록 저장도 안하고 디폴트값을 X로 바꾼 기획자는 정신에 문제가 있는게 분명하다. UX 뜻을 모르냐? 내가 바빠서 팀원들이랑 배달시키는데 니네 결제화면까지 집중을 해야겠냐? 환경 생각할거면 잘난 매출액 일부를 환경단체에 기부해라. 수저체크 하나때문에 무조건 쿠팡이츠만 쓴다.,2
356,moolmeet,1,2025년 7월 12일,배달 예상시간이 알림도 없이 중간에 몇 번이나 더 늦은 시간으로 바뀌는 거 아무리 건의해도 개선이 안 되네요. 얼마나 걸릴지 모르고 대책 없이 기다려야 하면 누가 음식을 시켜 먹죠? 배달앱이라고 수수료만 떼고 배달은 제대로 책임을 못지네요. 별 하나도 아까운데 별 0개를 찍을 수 없어서 1을 찍었습니다.,1
357,RKH,1,2025년 7월 14일,언제부터 사용자 비 친화적인 ui를 업데이트해서 더불편하게하는지..쓸대없는건 잔뜩넣어두고 불편해죽겠는데 ui개선좀해주세요 옛날ui가 훨씬정돈되고 메뉴찾기도편하고 가게배달 음식배달탭 따로있어서 구분도편했는데 더 난잡해져서 더 보기불편해졌는데 대체 누구아이디어인지,1
358,ᄋᄆᄒ,1,2025년 7월 16일,"고객센터가 왜 있나요? 챗봇으로 상담 가능한 문의하는 것도 선택하면 현재 처리 불가능하다고 하고, 전화 상담 원활히 가능하다면서 전화 연결은 왜 안되나요? 상담 연결하는데만 여기저기 연락 돌리다가 20분씩 소요되네요 ㅋ쿠 연결한다고 바로 처리 되는것도 아닙니다 배달 미스때문에 안그래도 화나고 지연된 시간 상담 연결 때문에 더 화만 나고 기력 빠져요 애초에 처음부터 챗봇으로 해결 안되는거 헛걸음하게 챗봇 문의하라고 안내하지 마시구요 연결 원활히 되게 좀 개선해주세요 예상 시간보다 한두시간 지연되는게 한두번이 아닙니다 ;;;",1
359,이메,1,2025년 7월 3일,브랜드 쿠폰을 해당 브랜드에 쓰려고 하는데 사용이 불가하다고 뜨는 건 진짜 난생 처음 겪는 경우없는 일이네요... ^_^ 앞으로 계속 배달의 민족을 써야할지 의문이 들기 시작했어요. 애초에 배민클럽 가입자 혜택인데도 사실상 유의미한 혜택은 배달비 할인... 차라리 직접 가게에서 픽업하는 게 편할 지경이네요.,1
